timestamp,pitch_rad,pitch_rate_rad_s,x_m,x_dot_m_s,action
1780133067.2386668,-0.008609455571169572,-0.000831562173832728,0.0,0.0,"0.3628,-0.5013"
1780133067.2542489,0.00753652951859371,-0.0008082416896883441,0.0,0.0,"-0.5103,0.1629"
1780133067.2697277,-0.00024808754782468245,-0.0008143252959714649,0.0,0.0,"0.0613,-0.0184"
1780133067.2851665,-0.0018107011856757782,-0.0007925257233092301,0.0,0.0,"0.3199,-0.2864"
1780133067.300826,0.03963288592868297,-0.0008148322664655147,0.0,0.0,"0.4135,0.0000"
1780133067.3164763,-0.03454457650668877,-0.0008746543724504337,0.0,0.0,"0.3540,-0.1877"
1780133067.332154,0.029331040042997886,-0.0008853006774990737,0.0,0.0,"0.4299,0.0545"
1780133067.3478773,-0.010076968295846006,-0.0008695847071554124,0.0,0.0,"0.4108,0.3306"
1780133067.3635733,0.0715944112290279,-0.0007808654693433953,0.0,0.0,"0.5658,0.4995"
1780133067.3792505,0.0034089764116461696,-0.0008670498626142586,0.0,0.0,"0.4422,0.0955"
1780133067.3948698,0.05559901699105707,-0.0008193949691955812,0.0,0.0,"0.6955,0.8143"
1780133067.4104915,0.047244689640014964,-0.0009268719685991775,0.0,0.0,"0.6955,0.8143"
1780133067.426124,0.08168861310377354,-0.0009390391653072289,0.0,0.0,"0.6955,0.8143"
1780133067.441949,0.024261385202307417,-0.0008731334768264747,0.0,0.0,"0.6955,0.8143"
1780133067.4576755,0.06721442883820844,-0.000958303948931977,0.0,0.0,"0.6955,0.8143"
1780133067.4735668,0.056417929956420115,-0.0008462642467983138,0.0,0.0,"0.6955,0.8143"
1780133067.489296,0.0203999751344954,-0.0009770617144881037,0.0,0.0,"0.6955,0.8143"
1780133067.50522,-0.05073779915191226,-0.0010130563816927792,0.0,0.0,"0.6955,0.8143"
1780133067.5211046,-0.00971640754746006,-0.0009760477417836229,0.0,0.0,"0.6955,0.8143"
1780133067.5369766,0.038855179683614544,-0.0008832728232747081,0.0,0.0,"0.6955,0.8143"
1780133067.552916,0.018921794740891812,-0.0011129289188347722,0.0,0.0,"0.6955,0.8143"
1780133067.5686796,-0.02276619030237137,-0.0009922707341604535,0.0,0.0,"0.6955,0.8143"
1780133067.5844805,0.037847168411246204,-0.0010231956647082502,0.0,0.0,"0.6955,0.8143"
1780133067.6003854,-0.02578312703751752,-0.0009552620942512972,0.0,0.0,"0.6955,0.8143"
1780133067.616247,-0.03022922680866945,-0.0010591903319129262,0.0,0.0,"0.6955,0.8143"
1780133067.6322217,-0.049144472201675254,-0.0009648944860636713,0.0,0.0,"0.6955,0.8143"
1780133067.648213,0.03643166229504583,-0.0009542482166959598,0.0,0.0,"0.6955,0.8143"
1780133067.66412,0.0031675424583125517,-0.0009709781002758874,0.0,0.0,"0.6955,0.8143"
1780133067.6799762,0.061883395237184974,-0.0009319416735396754,0.0,0.0,"0.6955,0.8143"
1780133067.6957417,-0.037616320816551696,-0.000979089572677017,0.0,0.0,"0.6955,0.8143"
1780133067.7115824,0.03843337849193027,-0.0009664154054749158,0.0,0.0,"0.6955,0.8143"
1780133067.727276,-0.03285155572983503,-0.0009679363010988745,0.0,0.0,"0.6955,0.8143"
1780133067.7431738,0.02865498319552237,-0.0009775686849821535,0.0,0.0,"0.6955,0.8143"
1780133067.758995,-0.0033508108630967287,-0.0009598248366268403,0.0,0.0,"0.6955,0.8143"
1780133067.7748485,-0.016430687346900945,-0.0009461367284366398,0.0,0.0,"0.6955,0.8143"
1780133067.7906415,0.010777379912803387,-0.0008964539530417633,0.0,0.0,"0.6955,0.8143"
1780133067.806359,-0.002515175551849576,-0.0009664153975458205,0.0,0.0,"0.6955,0.8143"
1780133067.8221762,-0.015915402699179692,-0.000899495756183324,0.0,0.0,"0.6955,0.8143"
1780133067.8379629,-0.004387384484957565,-0.0009425879528187557,0.0,0.0,"0.6955,0.8143"
1780133067.8536704,0.031766769472236195,-0.0009608387627478864,0.0,0.0,"0.6955,0.8143"
1780133067.8693244,0.040965666565978276,-0.0009065932994899968,0.0,0.0,"0.6955,0.8143"
1780133067.8851094,0.021362811607098183,-0.0009593178661327908,0.0,0.0,"0.6955,0.8143"
1780133067.9009097,-0.0049165418594342225,-0.0009826383423480794,0.0,0.0,"0.6955,0.8143"
1780133067.9164867,-0.0001190159039330535,-0.0009988612950794337,0.0,0.0,"0.6955,0.8143"
1780133067.9322734,0.02295557400600784,-0.0009496854981077025,0.0,0.0,"0.6955,0.8143"
1780133067.948053,0.02914084628975605,-0.0009613457401798943,0.0,0.0,"0.6955,0.8143"
1780133067.9638534,0.028127937125775118,-0.0009750338483700952,0.0,0.0,"0.6955,0.8143"
1780133067.979473,0.025290702087272313,-0.0009588108877096456,0.0,0.0,"0.6955,0.8143"
1780133067.9951317,0.027003349315029596,-0.0009887219565602955,0.0,0.0,"0.6955,0.8143"
1780133068.0108876,-0.012836215550004727,-0.0009755407871477636,0.0,0.0,"0.6955,0.8143"
1780133068.0267198,0.07997563238262971,-0.0009948055707725118,0.0,0.0,"0.6955,0.8143"
1780133068.0425801,-0.017585575967207695,-0.0009937916615007933,0.0,0.0,"0.6955,0.8143"
1780133068.058315,-0.013415089819509202,-0.0009669223680398701,0.0,0.0,"0.6955,0.8143"
1780133068.073937,0.013019308151903691,-0.0009603317991917952,0.0,0.0,"0.6955,0.8143"
1780133068.089723,-0.0005976450372658093,-0.0009633736221560936,0.0,0.0,"0.6955,0.8143"
1780133068.1055417,-0.012434257137112728,-0.0009714850866281276,0.0,0.0,"0.6955,0.8143"
1780133068.1213255,-0.030753595155565416,-0.0009491785117554624,0.0,0.0,"0.6955,0.8143"
1780133068.137093,0.013152389813582452,-0.0010703436510656398,0.0,0.0,"0.6955,0.8143"
1780133068.1527605,-0.0006501756352363663,-0.0009466436434270226,0.0,0.0,"0.6955,0.8143"
1780133068.1684546,-0.06296976113891029,-0.0009983543483726696,0.0,0.0,"0.6955,0.8143"
1780133068.184209,0.06721494353851314,-0.0009172396085031847,0.0,0.0,"0.6955,0.8143"
1780133068.1998868,-0.018105905904120645,-0.0009288998505753766,0.0,0.0,"0.6955,0.8143"
1780133068.2155914,0.039160333890662036,-0.0008913842877467425,0.0,0.0,"0.6955,0.8143"
1780133068.231359,-0.044076841264023336,-0.0009192674904793838,0.0,0.0,"0.6955,0.8143"
1780133068.247513,-0.011178064218581085,-0.0008249716049846525,0.0,0.0,"0.6955,0.8143"
1780133068.26327,-0.03892442360813974,-0.0008569105240951208,0.0,0.0,"0.6445,0.7102"
1780133068.2790127,0.01973909032477353,-0.0007190154972404673,0.0,0.0,"0.3933,0.2875"
1780133068.2945805,-0.034747082439209535,-0.0008072277566293395,0.0,0.0,"0.6886,0.8018"
1780133068.310351,-0.16741368051249228,-0.0008482920811999411,0.0,0.0,"0.6955,0.8143"
1780133068.3260918,0.015246773129901553,-0.0007834003019909059,0.0,0.0,"0.6955,0.8143"
1780133068.341677,0.04821504720011409,-0.0007631216239614928,0.0,0.0,"0.6302,0.6760"
1780133068.3572876,0.03693584819692029,-0.0008457572445878831,0.0,0.0,"0.5846,0.5480"
1780133068.372882,0.057722944804890125,-0.0009030444981025535,0.0,0.0,"0.6955,0.8143"
1780133068.3883674,0.09693768357428698,-0.001162611614938696,0.0,0.0,"0.6955,0.8143"
1780133068.4039657,0.009676173761370338,-0.0009664154134040111,0.0,0.0,"0.6955,0.8143"
1780133068.4196393,0.015662048098991993,-0.001104310372861354,0.0,0.0,"-0.1147,0.9931"
1780133068.4353392,-0.08556137792567478,-0.001023195728141013,0.0,0.0,"-0.3650,0.9973"
1780133068.4509025,0.050474659935723976,-0.0011093801095182331,0.0,0.0,"0.3575,0.9628"
1780133068.4664905,0.10560554387697924,-0.0010044378357193613,0.0,0.0,"0.6955,0.8143"
1780133068.4820392,-0.0662709672662959,-0.0010495580669660758,0.0,0.0,"0.6955,0.8143"
1780133068.4977207,-0.05321217943197851,-0.001094678044481743,0.0,0.0,"-0.6517,0.9993"
1780133068.5134702,-0.08205273345952636,-0.0011443608674511904,0.0,0.0,"0.0212,0.9890"
1780133068.529054,-0.03018338062448095,-0.0011043104362941161,0.0,0.0,"-0.4119,0.9978"
1780133068.5447066,0.055280005763521545,-0.0012792140990933783,0.0,0.0,"0.6955,0.8143"
1780133068.560143,0.07982464822271551,-0.001206210855412308,0.0,0.0,"0.6955,0.8143"
1780133068.575804,0.007405206637753181,-0.0011463885591291023,0.0,0.0,"0.6955,0.8143"
1780133068.591747,-0.021077720252407728,-0.0008346039730097411,0.0,0.0,"0.6955,0.8143"
1780133068.6078284,-0.01548287674242077,-0.0011418259674063702,0.0,0.0,"0.6955,0.8143"
1780133068.6238601,-0.019697352069826313,-0.0010160981729406965,0.0,0.0,"0.6955,0.8143"
1780133068.6398292,-0.026387103955670843,-0.0009719921046967492,0.0,0.0,"0.6955,0.8143"
1780133068.65635,0.013896722047153864,-0.0009877079521394341,0.0,0.0,"0.6955,0.8143"
1780133068.6725135,0.023617293527719907,-0.0010419534936971396,0.0,0.0,"0.6955,0.8143"
1780133068.6885545,0.06472786980651979,-0.0010444882668764355,0.0,0.0,"0.6955,0.8143"
1780133068.7047393,-0.06270776756102353,-0.00042041194970356566,0.0,0.0,"-0.4560,0.9981"
1780133068.7210088,-0.030993776446685273,-0.0007839073042013366,0.0,0.0,"0.0707,0.9869"
1780133068.7367823,-0.02088598139967751,-0.0008325760910335416,0.0,0.0,"0.9917,0.2579"
1780133068.7528334,0.051092875434894935,-0.0008989887658665359,0.0,0.0,"0.9710,0.5064"
1780133068.7686439,0.07232867527250753,-0.0005836552990687778,0.0,0.0,"0.6955,0.8143"
1780133068.7846124,0.0015402617439178035,-0.0008766822544266327,0.0,0.0,"0.6955,0.8143"
1780133068.801015,0.03515767806510797,-0.0006084967501989781,0.0,0.0,"0.8544,0.3706"
1780133068.817025,0.001900406335954813,-0.000394556597230742,0.0,0.0,"0.5267,0.2553"
1780133068.8332238,-0.005645062404594864,-0.0010536137674857123,0.0,0.0,"0.1479,-0.3804"
1780133068.8492398,0.013041439917292993,-0.0010064657969865135,0.0,0.0,"0.3559,-0.1819"
1780133068.8651726,0.04519786244229273,-0.0007646425205765886,0.0,0.0,"0.7162,-0.0765"
1780133068.8808813,0.04783075479866779,-0.001144360827805714,0.0,0.0,"0.9958,0.1079"
1780133068.8969252,0.020645656859237,-0.0010221817871529128,0.0,0.0,"0.6955,0.8143"
1780133068.912736,0.008586063783742118,-0.0008371388730545612,0.0,0.0,"0.6955,0.8143"
1780133068.9288404,0.021785908530585693,-0.0008624871757423823,0.0,0.0,"0.6955,0.8143"
1780133068.9446266,0.041516346608604926,-0.0009288998188589958,0.0,0.0,"0.6955,0.8143"
1780133068.960882,0.05401471859697188,-0.000949178511755462,0.0,0.0,"-0.1676,0.9943"
1780133068.9769857,-0.00011219868767170516,-0.0009806105872374052,0.0,0.0,"-0.0678,0.9839"
1780133068.9927223,-0.05101230835934392,-0.0009172396085031843,0.0,0.0,"0.9432,-0.7283"
1780133069.0084856,-0.061915259834031566,-0.0009177465631390437,0.0,0.0,"0.7137,0.7847"
1780133069.024301,-0.05779373928619136,-0.0008640080396499598,0.0,0.0,"0.6955,0.8143"
1780133069.0403297,-0.04172186398541486,-0.0008558965910361166,0.0,0.0,"0.6955,0.8143"
1780133069.056563,-0.002439651577037738,-0.0008417015123518658,0.0,0.0,"0.6955,0.8143"
1780133069.0727983,-0.20641932241222788,-0.00019278372819060523,0.0,0.0,"0.6955,0.8143"
1780133069.0887325,-0.17115060215721262,-0.0007134387702668009,0.0,0.0,"0.6955,0.8143"
1780133069.104714,0.053725708553599275,-0.0006759233025873095,0.0,0.0,"0.6955,0.8143"
1780133069.1205928,-0.07572256897905813,-0.0007737679260367224,0.0,0.0,"0.6955,0.8143"
1780133069.136462,0.15223540890250742,-0.0007524753555849183,0.0,0.0,"0.6955,0.8143"
1780133069.1523812,0.028394346656070296,-0.0008259855420082044,0.0,0.0,"0.6955,0.8143"
1780133069.1682014,0.026626123661468458,-0.0007854281839671049,0.0,0.0,"0.6955,0.8143"
1780133069.1841655,0.0041942786736597765,-0.0007783306287667893,0.0,0.0,"0.6955,0.8143"
1780133069.1999972,-0.047476816890179296,-0.0007910048118270809,0.0,0.0,"0.6955,0.8143"
1780133069.2157283,0.0008815502029011386,-0.0008609662563311379,0.0,0.0,"0.6955,0.8143"
1780133069.2316303,-0.003690996865391788,-0.0007894839162031219,0.0,0.0,"0.6955,0.8143"
1780133069.2478921,-0.01516164284211051,-0.0008107765263004022,0.0,0.0,"0.6955,0.8143"
1780133069.2636905,0.014933307080624264,-0.0008290273372206695,0.0,0.0,"0.6955,0.8143"
1780133069.2794359,-0.035233090759135915,-0.0008082416906794807,0.0,0.0,"0.6955,0.8143"
1780133069.2951798,0.004419490728839348,-0.0007083691921918275,0.0,0.0,"0.6955,0.8143"
1780133069.310979,-0.055290526112656585,-0.0007621076918936254,0.0,0.0,"0.6955,0.8143"
1780133069.3267343,0.00011501454412131407,-0.0007940466189331888,0.0,0.0,"0.6955,0.8143"
1780133069.3425772,-0.01669504082739759,-0.0007727539969422657,0.0,0.0,"0.6955,0.8143"
1780133069.3582716,0.056160837696184185,-0.0007920187468683588,0.0,0.0,"0.6955,0.8143"
1780133069.374211,0.005765264060515557,-0.0007854281750468725,0.0,0.0,"0.6955,0.8143"
1780133069.3898914,0.029401513001323234,-0.0007727539979334025,0.0,0.0,"0.9987,-0.1632"
1780133069.4060423,0.06605371636507996,-0.0007793445717371626,0.0,0.0,"0.9999,-0.6818"
1780133069.4217334,-0.019651343920843334,-0.0008168601306012494,0.0,0.0,"1.0000,-0.5689"
1780133069.4373841,-0.035229826319315094,-0.0008153392295260373,0.0,0.0,"1.0000,-0.9856"
1780133069.453016,0.008383702414800298,-0.0008183810321720295,0.0,0.0,"1.0000,-0.9866"
1780133069.4686947,5.365599267524723e-05,-0.0007834003079377275,0.0,0.0,"1.0000,-0.9932"
1780133069.484274,-0.010094606279167997,-0.0008254785695318808,0.0,0.0,"1.0000,-0.9889"
1780133069.4997647,-0.013609618722623798,-0.0007970884181102017,0.0,0.0,"1.0000,-0.9886"
1780133069.515331,-0.018958886990850812,-0.0007565310561045543,0.0,0.0,"1.0000,-0.9922"
1780133069.530766,0.020431314686907107,-0.0007813724358728975,0.0,0.0,"1.0000,-0.9855"
1780133069.5463207,0.02520734215707167,-0.0007854281760380096,0.0,0.0,"1.0000,-0.9867"
1780133069.5619347,0.007162160728571704,-0.0007849212055439597,0.0,0.0,"1.0000,-0.9910"
1780133069.5773408,0.021257098372930827,-0.000795060551992193,0.0,0.0,"1.0000,-0.9839"
1780133069.5927954,0.04251854085691367,-0.0007930326779450895,0.0,0.0,"1.0000,-0.9792"
1780133069.608188,0.010017765339410845,-0.0007981023511692059,0.0,0.0,"1.0000,-0.9613"
1780133069.62362,-0.06405725442667562,-0.0008340970183738816,0.0,0.0,"1.0000,-0.8799"
1780133069.63908,-0.03257747719545248,-0.0007555171309746452,0.0,0.0,"0.9998,-0.5171"
1780133069.6545556,-0.02583865489885545,-0.0007910048276852713,0.0,0.0,"0.9987,-0.1622"
1780133069.6702003,-0.08244464961890507,-0.0006774441982112683,0.0,0.0,"0.9938,0.1934"
1780133069.6858985,-0.07012380934112669,-0.0008031720243933224,0.0,0.0,"0.6955,0.8143"
1780133069.7016191,-0.03287691202485739,-0.0005664185004984673,0.0,0.0,"0.6955,0.8143"
1780133069.7172356,-0.032752382341364183,-0.0005299167517924077,0.0,0.0,"0.6955,0.8143"
1780133069.732917,-0.0020617267546217677,-0.000599371313022463,0.0,0.0,"0.6955,0.8143"
1780133069.748564,-0.02188609424737259,-0.0004959500299966935,0.0,0.0,"0.6955,0.8143"
1780133069.7641575,-0.0310322627855264,-0.0004903734021367177,0.0,0.0,"0.6955,0.8143"
1780133069.7798114,-0.017849866466855907,-0.0004518439617527462,0.0,0.0,"0.6955,0.8143"
1780133069.79547,-0.025063133268064655,-0.0004797271010526247,0.0,0.0,"0.6955,0.8143"
1780133069.8111737,-0.009587662352373558,-0.00043764885135211414,0.0,0.0,"0.6955,0.8143"
1780133069.8267663,-0.021271153348772713,-0.0004041888304612104,0.0,0.0,"0.6955,0.8143"
1780133069.8423874,-0.012743381460938535,-0.0004508299256155027,0.0,0.0,"0.6955,0.8143"
1780133069.858027,0.006104477519662768,-0.0004224398316797647,0.0,0.0,"0.6955,0.8143"
1780133069.8736243,-0.0031127087836259615,-0.00042294665945009934,0.0,0.0,"0.6955,0.8143"
1780133069.8893907,0.007767907332217522,-0.00041889089549770105,0.0,0.0,"0.6955,0.8143"
1780133069.9051163,0.00635335896930965,-0.00043866288748935743,0.0,0.0,"0.6955,0.8143"
1780133069.9206853,0.01172602955048073,-0.00043055135958456085,0.0,0.0,"0.6955,0.8143"
1780133069.936297,0.0027371888156254714,-0.0004366348152148715,0.0,0.0,"0.6955,0.8143"
1780133069.9527035,0.02162162713706016,-0.0004462673338927702,0.0,0.0,"0.6955,0.8143"
1780133069.9683287,0.019814074131157003,-0.00041331439450324964,0.0,0.0,"0.6955,0.8143"
1780133069.9841473,0.020493398994921627,-0.0004721225277836878,0.0,0.0,"0.6955,0.8143"
1780133069.999978,-0.0013541524374370423,-0.00046705298142509584,0.0,0.0,"0.6955,0.8143"
1780133070.016229,-0.003897756224736232,-0.0004594484081561587,0.0,0.0,"0.6955,0.8143"
1780133070.0320597,-0.013734886433877547,-0.00046147635356512005,0.0,0.0,"0.6955,0.8143"
1780133070.0478213,-0.000521422291148127,-0.0004569135081113379,0.0,0.0,"0.6955,0.8143"
1780133070.06357,0.015350426073558604,-0.00044576025239138656,0.0,0.0,"0.6955,0.8143"
1780133070.0794122,0.04957793424631621,-0.0006074828409272594,0.0,0.0,"0.6955,0.8143"
1780133070.0950327,0.0049248288511757055,-0.0004802340556884846,0.0,0.0,"0.6955,0.8143"
1780133070.1106822,0.030902600992253254,-0.0005603347911371074,0.0,0.0,"0.6955,0.8143"
1780133070.1264417,0.009468334376777035,-0.000522819260024854,0.0,0.0,"0.6955,0.8143"
1780133070.1422236,0.01664411622832071,-0.0005202843599800336,0.0,0.0,"0.6955,0.8143"
1780133070.1579661,0.027342087666854836,-0.0004994988393132325,0.0,0.0,"0.6955,0.8143"
1780133070.173847,-0.0008854320165647828,-0.0005263680693413935,0.0,0.0,"0.6955,0.8143"
1780133070.1894689,-0.034676406079103106,-0.0005324516518372283,0.0,0.0,"0.6955,0.8143"
1780133070.205129,0.014269129348540008,-0.0004944291660891156,0.0,0.0,"0.6955,0.8143"
1780133070.2208722,0.040432704736293304,-0.00047009470924025106,0.0,0.0,"0.6955,0.8143"
1780133070.2365425,0.028879342304665448,-0.0005081171949883638,0.0,0.0,"0.6955,0.8143"
1780133070.2521827,0.07257874339175709,-0.00045843449888444024,0.0,0.0,"0.6955,0.8143"
1780133070.267883,0.045617107430510256,-0.0005071032857166455,0.0,0.0,"0.6955,0.8143"
1780133070.2839158,0.033142315098936115,-0.0005278888063834466,0.0,0.0,"0.6955,0.8143"
1780133070.2997825,0.029684968248700067,-0.0005289028425206892,0.0,0.0,"0.6955,0.8143"
1780133070.3156059,-0.006909610814719497,-0.0005932876036611036,0.0,0.0,"0.6955,0.8143"
1780133070.3315165,0.027989308495554185,-0.0007610937746928116,0.0,0.0,"0.6955,0.8143"
1780133070.3472033,-0.019415965520659384,-0.0006323241255464592,0.0,0.0,"0.6955,0.8143"
1780133070.363306,0.0591260137720645,-0.0006946810681434366,0.0,0.0,"0.6955,0.8143"
1780133070.3789349,-0.008231154581414213,-0.00061356629655757,0.0,0.0,"0.6955,0.8143"
1780133070.3950627,0.041617659250485745,-0.0006084967501989776,0.0,0.0,"0.6955,0.8143"
1780133070.410874,0.0389943184284946,-0.000542083916784078,0.0,0.0,"0.6955,0.8143"
1780133070.4268064,0.028005350209365523,-0.000606975759425876,0.0,0.0,"0.6955,0.8143"
1780133070.442613,-0.022154106224920422,-0.0006353659802271385,0.0,0.0,"0.6955,0.8143"
1780133070.4582675,0.005365918606304976,-0.0006728814479066299,0.0,0.0,"0.6955,0.8143"
1780133070.4740057,0.05616498434206878,-0.0007945535418526668,0.0,0.0,"0.6955,0.8143"
1780133070.489677,0.028016543065990912,-0.0007048204145916695,0.0,0.0,"0.6955,0.8143"
1780133070.5053859,0.035076045043786835,-0.0008477851107058915,0.0,0.0,"0.6955,0.8143"
1780133070.521198,0.0013413698104343258,-0.0007256060621239954,0.0,0.0,"0.6955,0.8143"
1780133070.5369341,-0.02043596791827587,-0.0007803585266011788,0.0,0.0,"0.6955,0.8143"
1780133070.5526514,-0.04056074132281058,-0.000784921213473055,0.0,0.0,"0.6955,0.8143"
1780133070.5684237,0.007104560093520673,-0.0008275064178094251,0.0,0.0,"0.5883,0.5653"
1780133070.5840814,3.9189974562453544e-05,-0.0008117904593594066,0.0,0.0,"0.6955,0.8143"
1780133070.6000457,0.07904643786391344,-0.0007271269656770494,0.0,0.0,"0.6955,0.8143"
1780133070.6159747,-0.0037785512279946143,-0.0008062138225791984,0.0,0.0,"0.6955,0.8143"
1780133070.6320405,0.005343115153154193,-0.0008305482407737236,0.0,0.0,"0.6955,0.8143"
1780133070.6478662,0.01631738374302588,-0.0008244646344906029,0.0,0.0,"0.6955,0.8143"
1780133070.6637285,-0.014173372705798035,-0.0008234507053961463,0.0,0.0,"0.6955,0.8143"
1780133070.679503,0.003589899394154064,-0.0008457572445878831,0.0,0.0,"0.6412,0.7024"
1780133070.6955082,0.0011145990396905711,-0.0008092556257207587,0.0,0.0,"0.6955,0.8143"
1780133070.7118018,0.04843727342862594,-0.0007321966389011658,0.0,0.0,"0.6955,0.8143"
1780133070.727684,-0.003101856846262366,-0.0007859351420719432,0.0,0.0,"0.6955,0.8143"
1780133070.7435505,-0.013004656488334515,-0.0008259855380436567,0.0,0.0,"0.6955,0.8143"
1780133070.7594483,-0.0008204240382326325,-0.0008254785675496071,0.0,0.0,"0.6955,0.8143"
1780133070.7757475,0.004652928643466718,-0.0008077347271233893,0.0,0.0,"0.6955,0.8143"
1780133070.791557,0.012014103844713367,-0.000799116283237073,0.0,0.0,"0.6955,0.8143"
1780133070.807464,0.03263155106907879,-0.000848292085164489,0.0,0.0,"0.6955,0.8143"
1780133070.8234618,0.007062911568319265,-0.0008133113624168922,0.0,0.0,"0.6955,0.8143"
1780133070.8393161,0.010164297781937063,-0.0008700916697203668,0.0,0.0,"0.6955,0.8143"
1780133070.8552394,0.01412104870019672,-0.00087566830154489,0.0,0.0,"0.6955,0.8143"
1780133070.8710544,0.011527028302150754,-0.0008609662602956855,0.0,0.0,"0.6955,0.8143"
1780133070.8868492,0.022324085585540766,-0.0008792170791450482,0.0,0.0,"0.6955,0.8143"
1780133070.9028254,0.012482783669262053,-0.0009192674666920976,0.0,0.0,"0.6955,0.8143"
1780133070.9186924,0.006783632597498274,-0.0008944260849414814,0.0,0.0,"0.6955,0.8143"
1780133070.9345493,-0.005048131839161459,-0.001010014566657576,0.0,0.0,"0.6955,0.8143"
1780133070.9503114,0.024264690765996973,-0.0009187605041271435,0.0,0.0,"0.6955,0.8143"
1780133070.9660187,-0.005877090673334494,-0.0009288998461152605,0.0,0.0,"0.6955,0.8143"
1780133070.9819462,0.019657972684711776,-0.000956276064973504,0.0,0.0,"0.6955,0.8143"
1780133070.9978375,0.051530819689885925,-0.0009785826101120622,0.0,0.0,"0.7404,0.7299"
1780133071.0137305,0.04204821730270606,-0.0010135633363286384,0.0,0.0,"0.9051,-0.3078"
1780133071.030917,0.05004375215903415,-0.0010318141551780011,0.0,0.0,"0.9670,-0.9144"
1780133071.0468209,-0.03524274795706641,-0.00108403174339765,0.0,0.0,"0.9913,-0.9958"
1780133071.0625427,-0.021717365661388825,-0.0010789620701735334,0.0,0.0,"0.7302,0.7526"
1780133071.078453,0.1389822724748782,-0.0011159707100826895,0.0,0.0,"0.6955,0.8143"
1780133071.0942824,0.0647477092845627,-0.001193029622567014,0.0,0.0,"0.6955,0.8143"
1780133071.1100938,0.039324334624311806,-0.001255386628596754,0.0,0.0,"0.6955,0.8143"
1780133071.1259396,0.014964096278428742,-0.0012959439826733055,0.0,0.0,"0.6955,0.8143"
1780133071.141613,0.04944176116896591,-0.0013167295667728695,0.0,0.0,"0.6955,0.8143"
1780133071.1575797,0.11218056844572982,-0.001371988954169531,0.0,0.0,"0.6955,0.8143"
1780133071.1735687,0.07854394546985535,-0.0014160951492790028,0.0,0.0,"0.6955,0.8143"
1780133071.18941,0.06652421593518956,-0.0015301627333888649,0.0,0.0,"0.6955,0.8143"
1780133071.2053754,0.08854260935770475,-0.0015544971902377296,0.0,0.0,"0.6955,0.8143"
1780133071.2215657,-0.0039774782145820115,-0.0015909988120782646,0.0,0.0,"0.6955,0.8143"
1780133071.2377217,-0.013533930864910587,-0.0017679302934209633,0.0,0.0,"0.6955,0.8143"
1780133071.2535038,-0.06978984779204767,-0.0015230651781885493,0.0,0.0,"0.6955,0.8143"
1780133071.2698917,-0.10370688635742958,-0.0014982237667038256,0.0,0.0,"0.6955,0.8143"
1780133071.2858407,-0.11170139148526431,-0.0013339665318541807,0.0,0.0,"0.6955,0.8143"
1780133071.3019724,-0.05968813526116018,-0.001071357584124644,0.0,0.0,"0.6955,0.8143"
1780133071.3182366,-0.031778390617421576,-0.0014591873082512325,0.0,0.0,"0.6955,0.8143"
1780133071.3342175,-0.03614594238487179,-0.0010637530505011837,0.0,0.0,"0.6955,0.8143"
1780133071.3502598,-0.01111110267269999,-0.0010495580669660763,0.0,0.0,"0.6955,0.8143"
1780133071.3663886,0.03713876555584045,-0.001011535454352439,0.0,0.0,"0.6955,0.8143"
1780133071.3824341,0.03898277289959165,-0.0010044378357193622,0.0,0.0,"0.6955,0.8143"
1780133071.398481,0.017936561203365425,-0.0010703435876328778,0.0,0.0,"0.6955,0.8143"
1780133071.4146655,0.00596102918883154,-0.0011124218373333881,0.0,0.0,"0.6955,0.8143"
1780133071.430628,0.03721903189617079,-0.0011408120581346518,0.0,0.0,"0.6955,0.8143"
1780133071.4469533,0.03849849544793221,-0.0010272515555261727,0.0,0.0,"0.6955,0.8143"
1780133071.463016,0.010610799081758243,-0.0012614703062417314,0.0,0.0,"0.6955,0.8143"
1780133071.4788475,0.051966331962467374,-0.0010820037979886888,0.0,0.0,"-0.4932,0.9984"
1780133071.494891,0.028098834929368835,-0.0013648915892675011,0.0,0.0,"-0.6294,0.9992"
1780133071.5108025,0.12241110336523175,-0.0012143222564515808,0.0,0.0,"0.6955,0.8143"
1780133071.5266542,0.1333173910499036,-0.001216857156496401,0.0,0.0,"0.2997,0.9702"
1780133071.5426097,0.0752393599955088,-0.0018688166764019125,0.0,0.0,"0.6955,0.8143"
1780133071.558439,0.05521698406620397,-0.0015996171677533965,0.0,0.0,"0.6955,0.8143"
1780133071.574366,-0.040292991552758284,-0.001375537890351595,0.0,0.0,"0.6955,0.8143"
1780133071.5902312,-0.035563259448374504,-0.0012832698630457755,0.0,0.0,"0.6955,0.8143"
1780133071.6063035,-0.030672456139192505,-0.0016006310770251145,0.0,0.0,"0.6955,0.8143"
1780133071.6223452,-0.015810872943039705,-0.0014454991524864604,0.0,0.0,"0.6955,0.8143"
1780133071.6385064,-0.052277984830574,-0.001501772639453127,0.0,0.0,"0.6955,0.8143"
1780133071.655116,-0.1066982713734769,-0.0012295312761239309,0.0,0.0,"0.6955,0.8143"
1780133071.6717277,-0.11659426425814765,-0.0010896083712576255,0.0,0.0,"0.6955,0.8143"
1780133071.6881106,-0.11496233466115074,-0.0016406815557567598,0.0,0.0,"0.6955,0.8143"
1780133071.704111,-0.07180956364088939,-0.001098226790365519,0.0,0.0,"0.6955,0.8143"
1780133071.7202876,-0.04910650617872217,-0.0010956920806189853,0.0,0.0,"0.6955,0.8143"
1780133071.7362843,-0.05928041641536111,-0.001049557940100552,0.0,0.0,"0.6955,0.8143"
1780133071.75238,-0.05184191404766933,-0.0009836521881870354,0.0,0.0,"0.6955,0.8143"
1780133071.7684023,-0.05680996193447238,-0.000975033959377429,0.0,0.0,"0.6955,0.8143"
1780133071.784382,-0.0506708241091344,-0.000979089723329827,0.0,0.0,"0.6955,0.8143"
1780133071.8003883,-0.020957979320894965,-0.0009471506932120252,0.0,0.0,"0.6955,0.8143"
1780133071.8168435,-0.01681001657215933,-0.0009309276374024323,0.0,0.0,"0.5028,0.2990"
1780133071.8327029,-0.0004217832151289652,-0.0008675568489664989,0.0,0.0,"0.6955,0.8143"
1780133071.8488922,0.013057556308143842,-0.0008401806008697167,0.0,0.0,"0.6955,0.8143"
1780133071.8648355,0.02138949999819982,-0.0008513338883060495,0.0,0.0,"0.6955,0.8143"
1780133071.8807387,0.018630425279286197,-0.0008508269336701905,0.0,0.0,"0.6955,0.8143"
1780133071.8968716,0.03865715029437711,-0.0008629941303782418,0.0,0.0,"0.6955,0.8143"
1780133071.9130502,0.04394764488312021,-0.0008832728867074705,0.0,0.0,"0.5855,0.1290"
1780133071.9292746,0.033427600211473965,-0.0008944260155618966,0.0,0.0,"0.8967,0.6153"
1780133071.9453282,0.17585451368994454,-0.0010024101440414494,0.0,0.0,"0.6197,0.7721"
1780133071.961406,-0.11099288995379261,-0.002396062437978995,0.0,0.0,"0.7513,0.2618"
1780133071.9775972,-0.05438036684725843,-0.0009212953724555828,0.0,0.0,"-0.4483,0.9409"
1780133071.9933865,-0.0720732058652942,-0.0009005097249232558,0.0,0.0,"0.9211,-0.6017"
1780133072.0090442,-0.07190217388301808,-0.0008645149308530563,0.0,0.0,"-0.7017,0.9977"
1780133072.0247753,-0.027412737724308578,-0.0007910044788050786,0.0,0.0,"-0.2979,0.9883"
1780133072.0404315,-0.01186256472429284,-0.0009344767004500201,0.0,0.0,"0.6446,0.8609"
1780133072.0560648,-0.08623217658948468,-0.0005740230737674046,0.0,0.0,"0.5550,0.8606"
1780133072.071779,-0.11524689683429096,0.0011233027541304227,0.0,0.0,"0.6955,0.8143"
1780133072.087798,-0.02469281903216683,-0.0007210433435357378,0.0,0.0,"0.6955,0.8143"
1780133072.1037376,-0.200712661845806,-0.0004077377349268928,0.0,0.0,"0.6955,0.8143"
1780133072.1194868,0.045808694105302486,-0.0007306757353481121,0.0,0.0,"0.6955,0.8143"
1780133072.135133,-0.033544056233476824,-0.0008335900320216414,0.0,0.0,"0.6955,0.8143"
1780133072.150951,-0.01967936887124018,-0.0007433499184084037,0.0,0.0,"0.6955,0.8143"
1780133072.1665862,-0.012600134793290568,-0.0008229437309375488,0.0,0.0,"0.6955,0.8143"
1780133072.1823492,0.003185133890874936,-0.0007519683375162968,0.0,0.0,"0.6955,0.8143"
1780133072.198133,0.047066654232567215,-0.000724592121135896,0.0,0.0,"0.6955,0.8143"
1780133072.2138171,-0.00042010337641354423,-0.0007484195757743296,0.0,0.0,"0.6955,0.8143"
1780133072.2295694,0.05152897021424903,-0.0007595728473524716,0.0,0.0,"0.6955,0.8143"
1780133072.2454426,-0.06538492361453105,-0.0008325761148208276,0.0,0.0,"0.6955,0.8143"
1780133072.2613735,0.0011649814191042294,-0.00080672078613529,0.0,0.0,"0.6955,0.8143"
1780133072.2770488,-0.0304266288872783,-0.0007935396642973294,0.0,0.0,"0.6955,0.8143"
1780133072.2928884,-0.024110467959549214,-0.0007555171468328361,0.0,0.0,"0.6955,0.8143"
1780133072.3087575,-0.04970297553503988,-0.0007747818670248215,0.0,0.0,"0.6955,0.8143"
1780133072.3244088,-0.03788798498651465,-0.000742842932056163,0.0,0.0,"0.6955,0.8143"
1780133072.3405602,-0.013520803369502385,-0.0007534892331402556,0.0,0.0,"0.6955,0.8143"
1780133072.3597481,0.03080033908578271,-0.0007362523949244692,0.0,0.0,"0.6955,0.8143"
1780133072.3790638,0.015929591405946297,-0.0007697121938007052,0.0,0.0,"0.9854,0.3769"
1780133072.3984458,0.08292970164992675,-0.0009020305888308346,0.0,0.0,"0.9999,-0.6598"
1780133072.417587,0.08633062054904088,-0.0007038064854972129,0.0,0.0,"1.0000,-0.8601"
1780133072.4366822,-0.01224206656757093,-0.0008315621743282963,0.0,0.0,"1.0000,-0.7900"
1780133072.4553375,0.009216222456559703,-0.0008016511208402686,0.0,0.0,"1.0000,-0.9846"
1780133072.4736197,0.028766571169555166,-0.0008107765223358547,0.0,0.0,"1.0000,-0.9832"
1780133072.491605,0.06636348823036903,-0.0007752888355365977,0.0,0.0,"1.0000,-0.9945"
1780133072.5096443,0.002606524866939186,-0.000794046615959778,0.0,0.0,"1.0000,-0.9962"
1780133072.5276217,0.004573428639716881,-0.0008219298013475238,0.0,0.0,"1.0000,-0.9946"
1780133072.5463967,-0.01405176305923811,-0.0008366318430922969,0.0,0.0,"1.0000,-0.9868"
1780133072.5651984,0.00954737695990679,-0.0008173670991130253,0.0,0.0,"1.0000,-0.9208"
1780133072.5843756,0.001049884508946164,-0.0008249716049846523,0.0,0.0,"1.0000,-0.8712"
1780133072.6035018,0.00971252756198912,-0.000822436768372594,0.0,0.0,"1.0000,-0.9016"
1780133072.6226573,0.003148764805524923,-0.0007940466110040935,0.0,0.0,"1.0000,-0.9138"
1780133072.641865,0.007412291889079881,-0.0007864421090970138,0.0,0.0,"1.0000,-0.8890"
1780133072.6609588,0.005285809943628095,-0.0007965814555452471,0.0,0.0,"0.9999,-0.7046"
1780133072.6802263,0.02747626684491422,-0.0008128044162056965,0.0,0.0,"0.9988,-0.1746"
1780133072.6995795,0.033948969376548316,-0.0008533617544240579,0.0,0.0,"0.9958,0.1044"
1780133072.7190924,0.001965980582557425,-0.0008234507019271669,0.0,0.0,"0.9972,0.0116"
1780133072.7385423,0.010950611172148128,-0.0008325761078828691,0.0,0.0,"0.9857,0.3341"
1780133072.757734,0.012845285549006435,-0.0008447433154934265,0.0,0.0,"0.9158,-0.1642"
1780133072.7769234,0.001852521707973953,-0.0008224367683725942,0.0,0.0,"0.3435,-0.2189"
1780133072.795522,0.022308162141645438,-0.000871105600797097,0.0,0.0,"0.0975,-0.2294"
1780133072.8143215,0.017839045341273174,-0.0008437293824344221,0.0,0.0,"0.0188,-0.1896"
1780133072.8328512,0.0057895500928096255,-0.0008178740616779797,0.0,0.0,"0.2399,-0.4861"
1780133072.851103,0.006594297834310037,-0.0008361248765627947,0.0,0.0,"0.5803,-0.5935"
1780133072.8695288,0.006584456539783734,-0.0008391666757398078,0.0,0.0,"0.6955,0.8143"
1780133072.8879168,-0.015394867940083157,-0.0008001302172872145,0.0,0.0,"0.6955,0.8143"
1780133072.906867,0.00816336288717151,-0.0008386597131748532,0.0,0.0,"0.6955,0.8143"
1780133072.9264803,0.004275419172420386,-0.0008264925006086115,0.0,0.0,"0.6955,0.8143"
1780133072.9458072,0.007908017348769392,-0.0008366318391277495,0.0,0.0,"0.6955,0.8143"
1780133072.9666617,-0.031228026100286715,-0.0008254785675496071,0.0,0.0,"0.6955,0.8143"
1780133072.9872086,-0.0066672852874584965,-0.0008016510970529824,0.0,0.0,"0.6955,0.8143"
1780133073.0071821,-0.07042325765806243,-0.0007864421408133951,0.0,0.0,"0.6955,0.8143"
1780133073.0266411,-0.009454476536161743,-0.0007083692239082085,0.0,0.0,"0.6955,0.8143"
1780133073.045945,0.06329719657152254,-0.0007834003079377273,0.0,0.0,"0.6955,0.8143"
1780133073.0639086,0.015585616562097719,-0.0008163531620894733,0.0,0.0,"0.6955,0.8143"
1780133073.081951,0.039682822982354815,-0.0008148322664655143,0.0,0.0,"0.6955,0.8143"
1780133073.1000152,-0.13349922167908956,-0.0006495610113368172,0.0,0.0,"0.6955,0.8143"
1780133073.1182523,-0.044351429772240325,-0.0007676843276826965,0.0,0.0,"0.6955,0.8143"
1780133073.1361575,-0.015848721599245275,-0.0007392941861723863,0.0,0.0,"0.6955,0.8143"
1780133073.1545444,0.008462979551989144,-0.0007109039970875047,0.0,0.0,"0.6955,0.8143"
1780133073.1729057,-0.02423436172732126,-0.0007332105719601702,0.0,0.0,"0.6955,0.8143"
1780133073.191491,0.019680372592995016,-0.0006546306845609342,0.0,0.0,"0.6955,0.8143"
1780133073.2102616,-0.0415023432876386,-0.0006602073282791006,0.0,0.0,"0.6955,0.8143"
1780133073.228568,-0.05412175630686816,-0.0006642630605151172,0.0,0.0,"0.6955,0.8143"
1780133073.2475388,-0.05185648995376192,-0.0005765577835139383,0.0,0.0,"0.6955,0.8143"
1780133073.2671328,-0.026042495203941893,-0.000516228683247684,0.0,0.0,"0.6955,0.8143"
1780133073.286589,-0.06272051572919485,-0.0005015266261402882,0.0,0.0,"0.6955,0.8143"
1780133073.3058932,-0.027392432558306257,-0.00044018364038960096,0.0,0.0,"0.6955,0.8143"
1780133073.3251395,-0.017696587426022387,-0.00030330251091302335,0.0,0.0,"0.6955,0.8143"
1780133073.343837,-0.00867191184572693,-0.0003169906032450334,0.0,0.0,"0.6955,0.8143"
1780133073.3631742,0.04398671152652733,-0.0003007677377337276,0.0,0.0,"0.6955,0.8143"
1780133073.3823895,0.04707485298708111,-0.00017656077545925093,0.0,0.0,"0.6955,0.8143"
1780133073.401602,-0.044451025263304765,-0.0004310581873548955,0.0,0.0,"0.6955,0.8143"
1780133073.4207628,0.019227442113821377,-0.0002242157164524996,0.0,0.0,"0.6955,0.8143"
1780133073.4398472,0.15027717682642758,-0.00024550828690430367,0.0,0.0,"0.6955,0.8143"
1780133073.4593801,-0.025747222028553583,-0.00037123611308635803,0.0,0.0,"0.6955,0.8143"
1780133073.478591,-0.06187982339967192,-0.0003017816152890648,0.0,0.0,"0.6955,0.8143"
1780133073.498035,-0.004501760667199345,-0.00036211073934260506,0.0,0.0,"0.6955,0.8143"
1780133073.5172505,-0.02290512886894865,-0.0003560271330594845,0.0,0.0,"0.6955,0.8143"
1780133073.5365283,-0.00011650480603962732,-0.000397598412265945,0.0,0.0,"0.6955,0.8143"
1780133073.5554554,-0.03614838942835279,-0.00040266806170277626,0.0,0.0,"0.6955,0.8143"
1780133073.5745218,0.017956975531941734,-0.0002733914737787547,0.0,0.0,"0.6955,0.8143"
1780133073.5932844,0.0026213989846197248,-0.0004558996226269054,0.0,0.0,"0.6955,0.8143"
1780133073.6120038,0.030087714398166283,-0.00037225006200355265,0.0,0.0,"0.6955,0.8143"
1780133073.6309168,-0.00750881049331556,-0.0003545062136482396,0.0,0.0,"0.6955,0.8143"
1780133073.649937,-0.0174905464006364,-0.00041280739229281873,0.0,0.0,"0.6955,0.8143"
1780133073.6692407,0.024783555352763484,-0.00031851154644356406,0.0,0.0,"0.6955,0.8143"
1780133073.6885133,-0.02240063806995539,-0.0003905008491365341,0.0,0.0,"0.6955,0.8143"
1780133073.7075481,-0.03225939853875051,-0.0004077377428559881,0.0,0.0,"0.6955,0.8143"
1780133073.7268014,0.0550112780308285,-0.000341325075952089,0.0,0.0,"0.6955,0.8143"
1780133073.746265,-0.016001861912434502,-0.0003438598967059564,0.0,0.0,"0.6955,0.8143"
1780133073.765873,0.0028268411803929264,-0.0004467742250958669,0.0,0.0,"0.6955,0.8143"
1780133073.785362,-0.0022742006223803544,-0.000411286528385241,0.0,0.0,"0.6955,0.8143"
1780133073.8041105,-0.03569183513951324,-0.00041483527426901777,0.0,0.0,"0.6955,0.8143"
1780133073.823749,0.1041793502662725,-0.0004553926124873796,0.0,0.0,"0.6955,0.8143"
1780133073.8432813,-0.0003645678509975603,-0.00029823287733438337,0.0,0.0,"0.6955,0.8143"
1780133073.8621578,-0.04756195351332057,-0.00045488565785151993,0.0,0.0,"0.6955,0.8143"
1780133073.8811436,-0.00023012077657072819,-0.0003854312234869892,0.0,0.0,"0.6955,0.8143"
1780133073.9000504,-0.053202514020418645,-0.00042396066387096094,0.0,0.0,"0.6955,0.8143"
1780133073.919207,0.037571857098373365,-0.0003899938945006751,0.0,0.0,"0.6955,0.8143"
1780133073.9381213,-0.041986676730638495,-0.00039759838847865927,0.0,0.0,"0.6955,0.8143"
1780133073.9570143,0.053760743752046765,-0.00041483525841082714,0.0,0.0,"0.6955,0.8143"
1780133073.9760072,0.018533117508100744,-0.0004934151933846352,0.0,0.0,"0.6955,0.8143"
1780133073.99489,0.06460824824655964,-0.00047972705347805325,0.0,0.0,"0.6955,0.8143"
1780133074.013986,0.0476753541712327,-0.0004188909906468444,0.0,0.0,"0.6955,0.8143"
1780133074.0379813,0.05181279348288058,-0.0004193979928572753,0.0,0.0,"0.6955,0.8143"
1780133074.0619671,-0.023015570304486713,-0.00047009467752387,0.0,0.0,"0.6955,0.8143"
1780133074.0855997,0.026880892445202625,-0.000428016396106978,0.0,0.0,"0.6955,0.8143"
1780133074.1088398,0.001730647042935761,-0.0004969639234102211,0.0,0.0,"0.6955,0.8143"
1780133074.1318002,-0.06483359202060704,-0.0004584344195934873,0.0,0.0,"0.6955,0.8143"
1780133074.1510465,-0.05807755031194974,-0.0004604622857114957,0.0,0.0,"0.6955,0.8143"
1780133074.170505,-0.04454192016084733,-0.0004117934671629096,0.0,0.0,"0.6955,0.8143"
1780133074.189543,-0.06424450639546009,-0.00041280739229281873,0.0,0.0,"0.6955,0.8143"
1780133074.2086506,-0.03027865201523767,-0.0004853036971962199,0.0,0.0,"0.6955,0.8143"
1780133074.2276914,0.04058226189884738,-0.0004761782758778959,0.0,0.0,"0.6955,0.8143"
1780133074.2478967,0.028813091920179616,-0.00040317506391320717,0.0,0.0,"0.6955,0.8143"
1780133074.2671633,0.057608926425670635,-0.0003088791625602851,0.0,0.0,"0.6955,0.8143"
1780133074.2864695,0.0034876192713497803,-0.0005395491753211628,0.0,0.0,"0.6955,0.8143"
1780133074.3057284,0.012630769237781947,-0.0004041889811140205,0.0,0.0,"0.6955,0.8143"
1780133074.3253293,0.001199963185361301,-0.0005547581781441852,0.0,0.0,"0.6955,0.8143"
1780133074.3457215,0.02523381610053454,-0.000511665988446712,0.0,0.0,"0.6955,0.8143"
1780133074.3642163,0.038003275322450826,-0.0005248471340719581,0.0,0.0,"0.6955,0.8143"
1780133074.3828495,0.057688287050133374,-0.0005360004016855527,0.0,0.0,"0.6955,0.8143"
1780133074.4015841,0.03940933016742617,-0.00047922010677128955,0.0,0.0,"0.6955,0.8143"
1780133074.4201875,-0.012505620597247614,-0.0006683187927511349,0.0,0.0,"0.6955,0.8143"
1780133074.4388034,-0.019292345904737287,-0.0006885974707805478,0.0,0.0,"0.6955,0.8143"
1780133074.4581234,0.020356895188319644,-0.0005785856218801135,0.0,0.0,"0.6955,0.8143"
1780133074.4778795,0.015766176902193375,-0.0005907528304818074,0.0,0.0,"0.6955,0.8143"
1780133074.4969714,0.06283143125320288,-0.000656151580184893,0.0,0.0,"0.6955,0.8143"
1780133074.516232,0.08149121753867385,-0.0007550101604805958,0.0,0.0,"0.6955,0.8143"
1780133074.5358038,0.05801650884382964,-0.0007271269656770492,0.0,0.0,"0.6955,0.8143"
1780133074.555939,0.06889272625311896,-0.0008579244650832203,0.0,0.0,"0.5914,0.1546"
1780133074.5751348,0.04054883031041884,-0.0009983543245853839,0.0,0.0,"0.6955,0.8143"
1780133074.594433,0.06312014776880835,-0.0011032965032351121,0.0,0.0,"0.2741,0.9730"
1780133074.6133044,0.13418289033941588,-0.0011119149382011963,0.0,0.0,"0.6955,0.8143"
1780133074.632232,-0.015434130412736558,-0.0012168571247800199,0.0,0.0,"0.6955,0.8143"
1780133074.6512556,0.09131126008428805,-0.0013050693881334397,0.0,0.0,"0.6955,0.8143"
1780133074.6710744,0.032654573424896076,-0.0013633705984944,0.0,0.0,"0.6955,0.8143"
1780133074.6903453,0.003626525971064762,-0.0013603287923794286,0.0,0.0,"0.6955,0.8143"
1780133074.7102191,0.026757533038980416,-0.0014404295684646653,0.0,0.0,"0.6955,0.8143"
1780133074.7294083,-0.07057400368343766,-0.001412039417042986,0.0,0.0,"0.6955,0.8143"
1780133074.7488623,-0.024580663101219938,-0.0016006311721742579,0.0,0.0,"0.6955,0.8143"
1780133074.7687972,0.022973620690214247,-0.001436373826317279,0.0,0.0,"0.6955,0.8143"
1780133074.7879844,-0.026216237160829672,-0.0014150812162199986,0.0,0.0,"0.6955,0.8143"
1780133074.807186,0.012314219294507846,-0.0014394156017070057,0.0,0.0,"0.6955,0.8143"
1780133074.8265994,0.06409038876132978,-0.0013542452247506471,0.0,0.0,"0.6955,0.8143"
1780133074.846624,-0.039941597015640457,-0.001457159362842271,0.0,0.0,"0.6955,0.8143"
1780133074.865936,-0.17135897022215663,-0.0016812388939751214,0.0,0.0,"0.6955,0.8143"
1780133074.8852642,0.013395013607544137,-0.0011524723319232245,0.0,0.0,"0.6955,0.8143"
1780133074.9044642,-0.10159657698808494,-0.0011575419575727693,0.0,0.0,"0.6955,0.8143"
1780133074.923985,0.15272060275003507,-0.0012452472504321395,0.0,0.0,"0.6955,0.8143"
1780133074.9433928,0.0958586656768306,-0.001479466064580461,0.0,0.0,"0.6955,0.8143"
1780133074.9625094,0.34754755022727785,-0.00146628492688431,0.0,0.0,"0.6955,0.8143"
1780133074.9816601,-0.050771597370448465,-0.0014581733989795138,0.0,0.0,"0.6955,0.8143"
1780133075.000736,0.03267729513617995,-0.0026520807454985967,0.0,0.0,"0.6955,0.8143"
1780133075.0198848,-0.12021748788073389,-0.0021146957167642354,0.0,0.0,"0.6955,0.8143"
1780133075.039155,-0.3287776529598462,-0.002036115797648618,0.0,0.0,"0.6955,0.8143"
1780133075.0583508,-0.43914023433240684,-0.0013248410946776652,0.0,0.0,"0.6955,0.8143"
1780133075.085168,0.20961185805686533,-0.0012442333253022304,0.0,0.0,"0.6955,0.8143"
1780133075.1039805,-0.18667226681744636,-0.0033618347034984003,0.0,0.0,"0.6955,0.8143"
1780133075.123235,-1.05904967361314,0.0007932670716433625,0.0,0.0,"0.6955,0.8143"
1780133075.1502788,-0.0041878872196107475,-0.0014074767936038718,0.0,0.0,"0.6974,0.8115"
1780133075.1692593,-0.13467042526069073,-0.0014196438951627794,0.0,0.0,"0.6955,0.8143"
1780133075.188473,-0.02385264394226072,-0.0012356149061943373,0.0,0.0,"0.6955,0.8143"
1780133075.2075744,0.016123671349811877,-0.001295943982673306,0.0,0.0,"0.6955,0.8143"
1780133075.22697,0.03823820897738053,-0.001308111179381357,0.0,0.0,"0.6955,0.8143"
1780133075.246671,-0.00969942906966096,-0.0015017725760203642,0.0,0.0,"0.6955,0.8143"
1780133075.266009,-0.06634392970330139,-0.0011889739299764735,0.0,0.0,"0.9971,-0.9996"
1780133075.2848923,0.027000814606314538,-0.0009218023270914418,0.0,0.0,"0.9999,-1.0000"
1780133075.3036442,0.03601367948545228,-0.0012351079674166683,0.0,0.0,"0.9560,-0.8400"
1780133075.3224132,0.01732530313762433,-0.0011996202548478518,0.0,0.0,"0.6955,0.8143"
1780133075.3412232,0.02083916138483219,-0.0011676813198791933,0.0,0.0,"0.6955,0.8143"
1780133075.3601243,-0.04538044343725306,-0.0013846631689462033,0.0,0.0,"0.6955,0.8143"
1780133075.3790874,-0.0003151927534074672,-0.0010029170986773082,0.0,0.0,"0.6955,0.8143"
1780133075.3978388,0.05195785632187108,-0.0011778206346110453,0.0,0.0,"0.6955,0.8143"
1780133075.4169114,0.05182149746655734,-0.0014125464668279886,0.0,0.0,"0.6955,0.8143"
1780133075.4360263,-0.03772808409978362,-0.0012533587149041736,0.0,0.0,"0.6955,0.8143"
1780133075.455059,-0.036363419972698166,-0.0011808624892917252,0.0,0.0,"0.6955,0.8143"
1780133075.4743776,0.00642744892136396,-0.0014596942628870913,0.0,0.0,"0.6955,0.8143"
1780133075.493493,-0.0024847126231800076,-0.0013572870159985647,0.0,0.0,"0.6955,0.8143"
1780133075.5126228,-0.02963633596155596,-0.0011463886859946271,0.0,0.0,"0.6955,0.8143"
1780133075.5313132,-0.07432018624114534,-0.0011950575045432134,0.0,0.0,"0.6955,0.8143"
1780133075.550442,-0.028657765800742516,-0.0011301657411923681,0.0,0.0,"0.6955,0.8143"
1780133075.5694172,-0.05955112190752021,-0.0010688227475125858,0.0,0.0,"0.6955,0.8143"
1780133075.5886252,-0.009834074285880262,-0.00097706171250583,0.0,0.0,"0.6955,0.8143"
1780133075.6075177,-0.08372174483890184,-0.0009441088702477267,0.0,0.0,"0.6955,0.8143"
1780133075.6266623,-0.11757457717042806,-0.0008660359216261593,0.0,0.0,"0.6955,0.8143"
1780133075.6457028,-0.053208283498617254,-0.0006404356534512557,0.0,0.0,"0.6955,0.8143"
1780133075.664872,-0.013392110645678551,-0.0006257337152802888,0.0,0.0,"0.6955,0.8143"
1780133075.6840804,0.032899989628415574,-0.0005912597851176664,0.0,0.0,"0.6955,0.8143"
1780133075.703007,0.08566094645568174,-0.0005040615579014899,0.0,0.0,"0.6955,0.8143"
1780133075.7223947,0.1557749602830948,-0.0007154667156757622,0.0,0.0,"0.6955,0.8143"
1780133075.7419035,0.14153264050208822,-0.0008746545310323395,0.0,0.0,"0.6955,0.8143"
1780133075.761329,0.07372311681056834,-0.000932448881906584,0.0,0.0,"1.0000,-0.9855"
1780133075.7805703,0.0372752020987861,-0.0009932849605959852,0.0,0.0,"0.9851,0.3816"
1780133075.79996,0.04912068255950133,-0.001052093220741947,0.0,0.0,"0.6955,0.8143"
1780133075.8199925,0.06171715286344276,-0.0010399258020192268,0.0,0.0,"0.9974,-0.0065"
1780133075.8398156,0.019031854838552936,-0.0010642596245404694,0.0,0.0,"0.9719,0.5014"
1780133075.8594368,0.07679914914689512,-0.0010743992247197517,0.0,0.0,"0.6955,0.8143"
1780133075.879001,0.08746213438139902,-0.00113624921268087,0.0,0.0,"0.9627,0.5497"
1780133075.898734,0.03920140259671637,-0.001222940992723286,0.0,0.0,"0.6955,0.8143"
1780133075.9191475,-0.016911172634199195,-0.0012432196856197522,0.0,0.0,"0.6955,0.8143"
1780133075.938942,0.006395773216566314,-0.0008873289043909178,0.0,0.0,"0.6955,0.8143"
1780133075.958368,0.08585357138682748,-0.0016041800132071786,0.0,0.0,"0.6955,0.8143"
1780133075.9773905,0.03138544656761322,-0.0012376426771632011,0.0,0.0,"1.0000,-0.7754"
1780133075.9960272,-0.05213519298818081,-0.0011671744603924776,0.0,0.0,"1.0000,-0.9065"
1780133076.0163877,-0.04730333723876401,-0.0011590626787566314,0.0,0.0,"0.9999,-0.6537"
1780133076.0366955,-0.018098690457668765,-0.001148416123941491,0.0,0.0,"1.0000,-0.9062"
1780133076.0569088,-0.029792720189619648,-0.0012254752584404827,0.0,0.0,"0.9998,-0.5781"
1780133076.0777414,-0.08010525575939687,-0.0009375184282651751,0.0,0.0,"0.6955,0.8143"
1780133076.0990367,0.0016153838105450458,-0.0013400500509172537,0.0,0.0,"0.6955,0.8143"
1780133076.1205993,-0.005558563776756009,-0.0014236998494134637,0.0,0.0,"0.6955,0.8143"
1780133076.140125,-0.005056915123411221,-0.0013121667847518495,0.0,0.0,"0.6955,0.8143"
1780133076.1599467,0.02501858236101162,-0.001398858057332167,0.0,0.0,"0.6955,0.8143"
1780133076.179013,0.02001473368556772,-0.0013486685334579097,0.0,0.0,"0.6955,0.8143"
1780133076.1988277,0.018679401509459903,-0.0011327007839609044,0.0,0.0,"0.6955,0.8143"
1780133076.21835,0.023783917835929702,-0.0010368836936074984,0.0,0.0,"0.6955,0.8143"
1780133076.2381184,0.062055233487402606,-0.0013664123263095545,0.0,0.0,"0.6955,0.8143"
1780133076.2577474,0.060918178087981945,-0.0013025345198050004,0.0,0.0,"0.6955,0.8143"
1780133076.2766852,0.07988749398948825,-0.0011342214892865758,0.0,0.0,"0.6955,0.8143"
1780133076.2958658,0.07326865709349417,-0.0009456297024389231,0.0,0.0,"0.6955,0.8143"
1780133076.314928,0.006583893364550786,-0.0003291577682367035,0.0,0.0,"0.6955,0.8143"
1780133076.3339448,-0.03380218397228618,-8.175794325775598e-05,0.0,0.0,"0.6955,0.8143"
1780133076.3527498,-0.043016484196855886,-8.12512423529455e-05,0.0,0.0,"0.6955,0.8143"
1780133076.371751,-0.027980908067273602,-0.0002150903109923658,0.0,0.0,"0.6955,0.8143"
1780133076.3907948,-0.007308453202146792,-0.0003763064523544784,0.0,0.0,"0.6955,0.8143"
1780133076.40995,-0.021122319053614835,-0.0004158494214135944,0.0,0.0,"0.6955,0.8143"
1780133076.428894,-0.03635958423269059,-0.0008533619288641544,0.0,0.0,"0.6955,0.8143"
1780133076.4478202,-0.01804936576022864,-0.0008295345535166733,0.0,0.0,"0.6955,0.8143"
1780133076.4668984,-0.002641668127904895,-0.0009065926730914674,0.0,0.0,"0.6955,0.8143"
1780133076.485715,0.07348379625418688,-0.0011109009734258102,0.0,0.0,"0.6955,0.8143"
1780133076.504699,0.17336482458245994,-0.001303547794749095,0.0,0.0,"0.6955,0.8143"
1780133076.5240724,0.18154164625963576,-0.001375537890351595,0.0,0.0,"0.6955,0.8143"
1780133076.5437536,0.12274131585951054,-0.0012264896751742996,0.0,0.0,"0.6955,0.8143"
1780133076.5633123,0.0416327073109356,-0.001024209700845494,0.0,0.0,"0.6955,0.8143"
1780133076.582939,0.017501033193266124,-0.0010313070657475228,0.0,0.0,"0.6955,0.8143"
1780133076.6025438,0.039871415873403926,-0.001165653342753851,0.0,0.0,"0.6955,0.8143"
1780133076.6219301,0.10108796068506942,-0.0012923953002222913,0.0,0.0,"0.6955,0.8143"
1780133076.6416643,0.07745133634273005,-0.0012072246378185025,0.0,0.0,"0.6955,0.8143"
1780133076.6609461,0.09299832524151763,-0.0011261101199636855,0.0,0.0,"0.6955,0.8143"
1780133076.680156,0.11628508564712581,-0.0011408120581346511,0.0,0.0,"0.6955,0.8143"
1780133076.6991632,0.05105859994840267,-0.001051586012375038,0.0,0.0,"0.6955,0.8143"
1780133076.71818,0.004271707422712323,-0.0010059588264924632,0.0,0.0,"0.6955,0.8143"
1780133076.737232,-0.0257391275415072,-0.0009912568883214976,0.0,0.0,"0.6955,0.8143"
1780133076.756204,0.025647165107117842,-0.001035869657470255,0.0,0.0,"0.6955,0.8143"
1780133076.7750666,0.09699393382863764,-0.0010252231026551136,0.0,0.0,"0.6955,0.8143"
1780133076.7944868,0.10578422887979155,-0.0009390392921727537,0.0,0.0,"0.6955,0.8143"
1780133076.8137264,0.08921679570121477,-0.0008660360484916833,0.0,0.0,"0.6955,0.8143"
1780133076.832958,0.0024297127743468927,-0.0008574175659510279,0.0,0.0,"0.6955,0.8143"
1780133076.8519354,0.03294386463125798,-0.0007965813603961038,0.0,0.0,"0.6955,0.8143"
1780133076.8710113,0.024982169728480996,-0.000813818325477415,0.0,0.0,"0.6955,0.8143"
1780133076.8903544,-0.021918510010006553,-0.0008569103575841194,0.0,0.0,"0.6955,0.8143"
1780133076.9098144,0.05168351990429254,-0.0008756684403040578,0.0,0.0,"0.6955,0.8143"
1780133076.928393,0.11200212541205579,-0.0008432225824159206,0.0,0.0,"0.6955,0.8143"
1780133076.9481764,0.0698616373671671,-0.0008584313483572218,0.0,0.0,"0.6955,0.8143"
1780133076.9673777,0.014249583058584703,-0.000982638405780842,0.0,0.0,"0.6955,0.8143"
1780133076.9865463,0.02033818172045554,-0.0009618526313829913,0.0,0.0,"0.6955,0.8143"
1780133077.0057704,0.10483975783795696,-0.0012949299465360629,0.0,0.0,"0.6955,0.8143"
1780133077.0250897,0.10792310939265326,-0.0015691992136464704,0.0,0.0,"0.6955,0.8143"
1780133077.0448477,0.05399678324324009,-0.0012087456920243668,0.0,0.0,"0.9163,0.6424"
1780133077.0651653,-0.01031794828603605,-0.0004315652054235168,0.0,0.0,"0.6955,0.8143"
1780133077.0851855,0.045469997460956924,-0.0007646424888602078,0.0,0.0,"0.6955,0.8143"
1780133077.105275,0.06318055326541794,-0.0011844111717427392,0.0,0.0,"0.6955,0.8143"
1780133077.1253238,-0.012364229191194176,-0.0005491815354171561,0.0,0.0,"0.6955,0.8143"
1780133077.1449025,-0.012100819301758214,-0.00032206030818553166,0.0,0.0,"0.6955,0.8143"
1780133077.1644733,0.004348658866415556,-0.0006941740500748149,0.0,0.0,"0.6955,0.8143"
1780133077.1837137,0.04194855608714687,-0.0007631215932362487,0.0,0.0,"0.6955,0.8143"
1780133077.2028215,0.026445953930893884,-0.0007271269894643354,0.0,0.0,"0.6955,0.8143"
1780133077.2219284,-0.023621049944767214,-0.0008964539609708588,0.0,0.0,"0.6955,0.8143"
1780133077.2408824,0.004712094954748225,-0.000773768021185866,0.0,0.0,"0.6955,0.8143"
1780133077.2598765,0.068217646759831,-0.00093549035599069,0.0,0.0,"0.6955,0.8143"
1780133077.2790349,0.028863050886797192,-0.0007778236582727395,0.0,0.0,"0.6955,0.8143"
1780133077.2985132,-0.08105591985322214,-0.00020900660163100638,0.0,0.0,"0.6955,0.8143"
1780133077.3173828,0.002458057813471415,-0.0007788375675444582,0.0,0.0,"0.6955,0.8143"
1780133077.336768,0.11877441465078076,-0.0013557661520909865,0.0,0.0,"0.6955,0.8143"
1780133077.3559163,0.15791313614031266,-0.0015915058935796482,0.0,0.0,"0.6955,0.8143"
1780133077.3756046,0.11402223286549995,-0.0003377763776428837,0.0,0.0,"0.6955,0.8143"
1780133077.3947837,0.01748389478399448,-0.0008487990834103722,0.0,0.0,"0.6955,0.8143"
1780133077.4139185,0.017831382129297246,-0.0008467712648669353,0.0,0.0,"0.6955,0.8143"
1780133077.433269,0.10660083814898769,-0.001035869847768542,0.0,0.0,"0.6955,0.8143"
1780133077.452277,0.05343285199539227,-0.0009537412303437195,0.0,0.0,"0.6955,0.8143"
1780133077.471154,-0.045989432045095424,-0.0005060893447285456,0.0,0.0,"0.6955,0.8143"
1780133077.4904265,-0.011165521895236563,-0.0007286477899391506,0.0,0.0,"0.6955,0.8143"
1780133077.5096912,0.08980772851716645,-0.0010520927132798474,0.0,0.0,"0.6955,0.8143"
1780133077.5285838,0.09755141994944905,-0.00101254942705692,0.0,0.0,"0.6955,0.8143"
1780133077.5475416,0.050828793378348114,-0.0007185085227818702,0.0,0.0,"0.9981,-0.0744"
1780133077.5674684,0.060843692400388893,-0.000655137651090436,0.0,0.0,"0.6955,0.8143"
1780133077.5871732,0.10627279634373044,-0.0007889769139926908,0.0,0.0,"0.6955,0.8143"
1780133077.6074452,0.10405018529555166,-0.0006673047566138918,0.0,0.0,"0.6955,0.8143"
1780133077.62736,-0.03062335453913101,-0.0004472811162989643,0.0,0.0,"0.6955,0.8143"
1780133077.6471503,-0.05096563077638627,-0.0005192704507083158,0.0,0.0,"0.6955,0.8143"
1780133077.6661463,0.07726374556390192,-0.000811283496794452,0.0,0.0,"0.6955,0.8143"
1780133077.68537,0.11193541818424224,-0.0008711055948502759,0.0,0.0,"0.6955,0.8143"
1780133077.7046747,0.009336778654999267,-0.0007063415322302964,0.0,0.0,"0.6955,0.8143"
1780133077.7236788,-0.00797644742997572,-0.0006809930392441882,0.0,0.0,"0.9993,-0.2930"
1780133077.7424958,0.07982874459996692,-0.0007575449653762726,0.0,0.0,"1.0000,-0.8228"
1780133077.761888,0.12449822763148677,-0.0007768097490010216,0.0,0.0,"0.9990,-0.2172"
1780133077.7811263,0.015173791957307503,-0.000702792342317184,0.0,0.0,"0.6955,0.8143"
1780133077.8004737,-0.052883757976214474,-0.0007387871998201464,0.0,0.0,"1.0000,-0.9618"
1780133077.819777,0.04485719853001102,-0.00031496279659523944,0.0,0.0,"1.0000,-0.9766"
1780133077.8389914,0.1128083328639552,-0.001779083517424534,0.0,0.0,"0.9994,-0.3269"
1780133077.8579469,0.08979196420860669,-0.0007083692239082092,0.0,0.0,"0.9373,0.6300"
1780133077.8770022,-0.03673466361469435,-0.0008366319184187013,0.0,0.0,"1.0000,-0.7860"
1780133077.896425,-0.009671016180522352,-0.000925351072975219,0.0,0.0,"1.0000,-0.8187"
1780133077.9152741,0.16434437824177606,-0.0007012716052751305,0.0,0.0,"1.0000,-0.9962"
1780133077.9340317,0.1637302281884152,-0.00043562090594315324,0.0,0.0,"1.0000,-0.9973"
1780133077.953145,0.09883155792906606,-0.00052231243225452,0.0,0.0,"1.0000,-0.8458"
1780133077.9726381,-0.05501073037989468,3.535149553278612e-05,0.0,0.0,"1.0000,-0.8329"
1780133077.9920816,0.014912797557831148,-0.00027643328088486265,0.0,0.0,"1.0000,-0.9863"
1780133078.0114448,0.11288836277013192,-0.0012168571564964013,0.0,0.0,"1.0000,-0.9860"
1780133078.0311327,0.08853585793929242,-0.0011311796663222773,0.0,0.0,"1.0000,-0.9961"
1780133078.0505013,0.042063907393202093,-0.0005496884900530151,0.0,0.0,"1.0000,-0.9994"
1780133078.069497,0.05959254304271544,-0.0006561515008939407,0.0,0.0,"1.0000,-0.9893"
1780133078.088453,0.09907470123869677,-0.0004543787349320415,0.0,0.0,"0.9996,-0.4179"
1780133078.107302,0.0828399521845844,-0.0003403111508221805,0.0,0.0,"0.6955,0.8143"
1780133078.1272702,-0.017696259204231235,-0.0006936671588717172,0.0,0.0,"0.6955,0.8143"
1780133078.1474924,-0.04070379143638214,-0.0009937916615007933,0.0,0.0,"0.6955,0.8143"
1780133078.1673138,-0.003397450443083483,-0.00095323427570786,0.0,0.0,"1.0000,-0.9822"
1780133078.1865752,0.11554884133359233,-0.00045995536279201795,0.0,0.0,"1.0000,-0.8622"
1780133078.2056768,0.1516080461824333,-0.0011539933861290886,0.0,0.0,"0.6955,0.8143"
1780133078.2244332,0.056281396177473964,-0.00044322547921209036,0.0,0.0,"0.6955,0.8143"
1780133078.2436476,0.07411012989666355,-0.0003433528786373355,0.0,0.0,"0.6955,0.8143"
1780133078.2660081,0.13345269590654119,-0.0007337175900287915,0.0,0.0,"0.6955,0.8143"
1780133078.2888553,0.0935386136832882,-0.000162872461112574,0.0,0.0,"0.6955,0.8143"
1780133078.3126378,-0.00939493776031386,-0.00010862755388249025,0.0,0.0,"0.6955,0.8143"
1780133078.3357263,0.06881287487176446,-0.00033422769519186966,0.0,0.0,"0.6955,0.8143"
1780133078.3587258,0.15642692505620892,-0.0008016512873512691,0.0,0.0,"0.6955,0.8143"
1780133078.3806212,0.06977257678942794,-0.00026781511550801745,0.0,0.0,"0.6955,0.8143"
1780133078.398864,0.027049801371310078,-0.000260210288508032,0.0,0.0,"0.6955,0.8143"
1780133078.4177835,0.08067339432012088,-0.00039151458396815674,0.0,0.0,"0.6955,0.8143"
1780133078.43601,0.14456949791604334,-0.000550195444688875,0.0,0.0,"0.6955,0.8143"
1780133078.4561207,0.0987192636569495,-0.0004994984587166577,0.0,0.0,"0.6955,0.8143"
1780133078.4773345,0.07438217328186436,-0.0003327068312842917,0.0,0.0,"0.6955,0.8143"
1780133078.4987724,0.06208035853420446,-0.0002673076534100618,0.0,0.0,"0.6955,0.8143"
1780133078.5203183,0.06759108624934296,-0.0003717433531696488,0.0,0.0,"0.6955,0.8143"
1780133078.5402224,0.037654486508382545,-0.0003377763776428837,0.0,0.0,"0.6955,0.8143"
1780133078.5597286,0.0024540747772741067,-0.00030989336520852867,0.0,0.0,"0.6955,0.8143"
1780133078.5790436,0.04594750003350634,-0.00038086853661511294,0.0,0.0,"0.6955,0.8143"
1780133078.5980718,0.08603190059917076,-0.00043866238002725905,0.0,0.0,"0.6955,0.8143"
1780133078.6170442,0.07563177173114588,-0.0004396767967610755,0.0,0.0,"0.6955,0.8143"
1780133078.636116,0.05008661468810671,-0.0004006402748757201,0.0,0.0,"0.6955,0.8143"
1780133078.6551344,0.04115366988962732,-0.0005050754671732088,0.0,0.0,"0.6955,0.8143"
1780133078.6750016,0.0610674572443457,-0.0005648976365908893,0.0,0.0,"0.6955,0.8143"
1780133078.6952353,-0.020212177825960298,-0.0005735158654004962,0.0,0.0,"0.6955,0.8143"
1780133078.7147405,-0.007780032931029579,-4.5256448282746456e-05,0.0,0.0,"0.6955,0.8143"
1780133078.7352517,0.02557877105136619,-0.000581627139574244,0.0,0.0,"0.6955,0.8143"
1780133078.7556484,0.08731971795612026,-0.001120026156871276,0.0,0.0,"0.6955,0.8143"
1780133078.7747893,0.04190442671583727,-0.0003387902869146017,0.0,0.0,"0.6955,0.8143"
1780133078.7945514,0.01994684438680583,-0.0006875831957793097,0.0,0.0,"0.6955,0.8143"
1780133078.8138485,0.055718032095387615,-0.0006931602042358582,0.0,0.0,"0.6955,0.8143"
1780133078.8330302,0.07125109120241846,-0.0006667975482469845,0.0,0.0,"0.6955,0.8143"
1780133078.8520386,0.06360580099738589,-0.0006520958638070676,0.0,0.0,"0.6955,0.8143"
1780133078.8711421,0.033991824160198414,-0.0006840350207903941,0.0,0.0,"0.6955,0.8143"
1780133078.890253,0.02751424295772331,-0.000693667158871719,0.0,0.0,"0.6955,0.8143"
1780133078.909214,0.03164862124143486,-0.0007124249878606064,0.0,0.0,"0.6955,0.8143"
1780133078.9280963,0.03625457154294054,-0.0006404356534512557,0.0,0.0,"0.6955,0.8143"
1780133078.9475427,0.017841769549957087,-0.0005471537168737191,0.0,0.0,"0.6955,0.8143"
1780133078.9675493,0.007719096499850586,-0.00033726942300702466,0.0,0.0,"0.6955,0.8143"
1780133078.987385,0.03348470875835019,-0.000526368069341393,0.0,0.0,"0.6955,0.8143"
1780133079.0072238,0.054175314602920466,-0.00080773474298158,0.0,0.0,"0.6955,0.8143"
1780133079.027648,-0.00554803658668146,-0.0006069757594258755,0.0,0.0,"0.6955,0.8143"
1780133079.0473197,-0.04875798824308741,-0.00013245464378254133,0.0,0.0,"0.6955,0.8143"
1780133079.066536,-0.02760358458332468,-0.00028403766385551353,0.0,0.0,"0.6955,0.8143"
1780133079.0864003,0.04612618719629058,-0.0009461369108058318,0.0,0.0,"0.6955,0.8143"
1780133079.1053157,0.06678941747329703,-0.0007930328048106137,0.0,0.0,"0.6955,0.8143"
1780133079.1243947,0.040929482592076405,-0.0008655288401247755,0.0,0.0,"0.6955,0.8143"
1780133079.1434069,0.010347486408854967,-0.0010292792472040857,0.0,0.0,"0.6955,0.8143"
1780133079.1626122,0.04196666179737507,-0.0006901184764207034,0.0,0.0,"0.6955,0.8143"
1780133079.1818779,0.09916419111694708,-0.0011458816044932435,0.0,0.0,"0.6955,0.8143"
1780133079.2011497,0.009442622631905095,-0.0007904980316313177,0.0,0.0,"0.6955,0.8143"
1780133079.2200122,-0.04402085855584492,-0.0002865724370348093,0.0,0.0,"0.6955,0.8143"
1780133079.2397614,0.0286179207661047,-0.0006657841464373635,0.0,0.0,"0.6955,0.8143"
1780133079.258818,0.031552015261791855,-0.0008660357947606347,0.0,0.0,"0.6955,0.8143"
1780133079.2781942,0.0022667338619833943,-0.0006804858308772804,0.0,0.0,"0.6955,0.8143"
1780133079.2971373,-0.013513654490901916,-0.0012858043824940245,0.0,0.0,"0.6955,0.8143"
1780133079.316608,0.02253094549841783,-0.0008898636775702138,0.0,0.0,"0.6955,0.8143"
1780133079.3358583,0.09175883624321923,-0.0004974711476353204,0.0,0.0,"0.6955,0.8143"
1780133079.3547835,0.03172069168823388,-0.000884286669113664,0.0,0.0,"0.6955,0.8143"
1780133079.3748734,-0.008187674870137385,-0.0006084967501989781,0.0,0.0,"0.6955,0.8143"
1780133079.3944335,0.008845981220502952,-0.0005861902387590749,0.0,0.0,"0.6955,0.8143"
1780133079.4141357,-0.011976608496387375,-0.0005243402507979556,0.0,0.0,"0.6955,0.8143"
1780133079.4344592,-0.004222802164543293,-0.0006607146000787711,0.0,0.0,"0.6955,0.8143"
1780133079.4541223,0.026233904297700172,-0.0007626145117348654,0.0,0.0,"0.6955,0.8143"
1780133079.4731858,-0.016283619595827914,-0.0006424637257257428,0.0,0.0,"0.6955,0.8143"
1780133079.49204,-0.00306369414621388,-0.0006150871604651484,0.0,0.0,"0.6955,0.8143"
1780133079.5110157,-0.026101298184302957,-0.0007185089509530156,0.0,0.0,"0.6955,0.8143"
1780133079.5303147,0.0203570909320977,-0.0009456297024389229,0.0,0.0,"0.6955,0.8143"
1780133079.5499346,0.04603482881050791,-0.0010216749276661958,0.0,0.0,"0.6955,0.8143"
1780133079.5688589,0.08984157222035133,-0.0010566553050025806,0.0,0.0,"0.6955,0.8143"
1780133079.5886793,0.04926996711632309,-0.0009400526939823736,0.0,0.0,"0.6955,0.8143"
1780133079.6075835,-0.012172697089764872,-0.0008822588505702274,0.0,0.0,"0.6955,0.8143"
1780133079.626998,-0.05329342537760784,-0.0008117906337995022,0.0,0.0,"0.6955,0.8143"
1780133079.6462545,-0.0393426864223545,-0.0007828932046313325,0.0,0.0,"0.6955,0.8143"
1780133079.6651673,0.012913285156947285,-0.0007129319424964658,0.0,0.0,"0.6955,0.8143"
1780133079.6841774,0.07711908712489299,-0.0006206639151906481,0.0,0.0,"0.6955,0.8143"
1780133079.703262,0.16113556872566162,-0.0006120456863810415,0.0,0.0,"0.6955,0.8143"
1780133079.7224805,0.34232978709579226,-0.0007428430272053066,0.0,0.0,"0.6955,0.8143"
1780133079.7414546,-0.03174285929776502,-0.0007996232150767836,0.0,0.0,"0.6955,0.8143"
1780133079.7608628,0.04256053636505065,-0.0008903703784750238,0.0,0.0,"0.6955,0.8143"
1780133079.7799795,0.03355673850886874,-0.0009223092817273015,0.0,0.0,"0.6955,0.8143"
1780133079.7991984,0.05446524689655853,-0.000984159269688419,0.0,0.0,"0.6955,0.8143"
1780133079.818175,0.035082605414605506,-0.0010287722925682262,0.0,0.0,"0.6955,0.8143"
1780133079.8370936,-0.013173765849761807,-0.0010313073194785714,0.0,0.0,"0.6955,0.8143"
1780133079.8564656,-0.03554925042484568,-0.0009745268778760452,0.0,0.0,"0.6955,0.8143"
1780133079.8772318,-0.022954045444615268,-0.0009390391653072289,0.0,0.0,"0.6955,0.8143"
1780133079.8978524,-0.017057061765477832,-0.0008923981970184608,0.0,0.0,"0.8297,0.3737"
1780133079.9185011,0.007054375751722519,-0.000889356405770543,0.0,0.0,"0.6955,0.8143"
1780133079.9384556,0.01592206933001737,-0.0009172396085031847,0.0,0.0,"0.6782,0.6417"
1780133079.9580853,0.06149813951929203,-0.0010343490472937264,0.0,0.0,"0.7135,0.7851"
1780133079.9770343,0.2488882194602275,-0.0011129287919692478,0.0,0.0,"0.7401,0.7307"
1780133079.996014,-0.18051624196977206,-0.0009304205559010489,0.0,0.0,"0.6955,0.8143"
1780133080.0164304,0.046676906260527326,-0.0011656533427538511,0.0,0.0,"0.6620,0.7490"
1780133080.036573,-0.0676089124856156,-0.0010480370761929742,0.0,0.0,"0.6955,0.8143"
1780133080.0562491,0.052528271404880755,-0.0007996232150767836,0.0,0.0,"0.6955,0.8143"
1780133080.0763545,0.04788741633102678,-0.0008026650697574634,0.0,0.0,"0.6955,0.8143"
1780133080.0962067,-0.0009374925922435162,-0.0008579245205868873,0.0,0.0,"0.4614,-0.4362"
1780133080.116079,0.01162844693151624,-0.00085031994731795,0.0,0.0,"0.6569,0.0305"
1780133080.1372092,-0.024403509378578492,-0.0010769342516300964,0.0,0.0,"0.5670,0.5032"
1780133080.15891,-0.012158638081591969,-0.000881244941298509,0.0,0.0,"0.5138,0.3350"
1780133080.1804636,0.020419595106056385,-0.0006485470544905274,0.0,0.0,"0.4232,0.0322"
1780133080.1999094,-0.016529523459779705,-0.0012604562859626798,0.0,0.0,"0.6955,0.8143"
1780133080.2195225,-0.008725534624551223,-0.001233587040076328,0.0,0.0,"0.6955,0.8143"
1780133080.2390873,0.0034778756035235975,-0.00040469591196259404,0.0,0.0,"0.6955,0.8143"
1780133080.2582304,0.013583249960282373,-0.000197853345911055,0.0,0.0,"0.6955,0.8143"
1780133080.2777638,-0.013431857079018884,-0.0007382802451842867,0.0,0.0,"0.6955,0.8143"
1780133080.2979326,-0.008143287933016243,-0.0006809929758114261,0.0,0.0,"0.6955,0.8143"
1780133080.317961,0.024818530135191585,-0.0008264924451049443,0.0,0.0,"0.6955,0.8143"
1780133080.336959,-0.030892285594180204,-0.0011134358417542504,0.0,0.0,"0.6955,0.8143"
1780133080.3567965,-0.028710206899487764,-0.000717494593191845,0.0,0.0,"0.6955,0.8143"
1780133080.3762105,-0.054926359779945116,-0.0006662909107749354,0.0,0.0,"0.6955,0.8143"
1780133080.395108,-0.04681551765829607,-0.000790497841333031,0.0,0.0,"0.6955,0.8143"
1780133080.414315,0.02495204147137539,3.0281782663192994e-05,0.0,0.0,"0.6955,0.8143"
1780133080.4335485,0.0719482312816574,-0.0008417014647772942,0.0,0.0,"0.6955,0.8143"
1780133080.4530182,0.06035805779198569,-0.0005912597851176664,0.0,0.0,"0.6955,0.8143"
1780133080.4732172,0.029193475377958578,-0.0007296617626436313,0.0,0.0,"0.8279,-0.0054"
1780133080.4930212,0.03295907535848536,-0.0009866941063004775,0.0,0.0,"0.6955,0.8143"
1780133080.5127225,0.0019989464586848762,-0.0008756682500057708,0.0,0.0,"0.6955,0.8143"
1780133080.532266,0.02366037062477276,-0.000995312525408371,0.0,0.0,"0.6955,0.8143"
1780133080.5516803,-0.03953977667228646,-0.0009942985844202715,0.0,0.0,"0.6955,0.8143"
1780133080.570677,-0.02923806996746066,-0.0008553896205420665,0.0,0.0,"0.6640,0.8459"
1780133080.5898488,-0.01807607646785167,-0.0008523478218606221,0.0,0.0,"0.4589,0.9303"
1780133080.6087713,0.006190928144615571,-0.0008523478213650539,0.0,0.0,"0.3739,-0.1268"
1780133080.627918,0.02145513234394438,-0.0008650219806380596,0.0,0.0,"0.2733,-0.4084"
1780133080.6465375,0.015789340519955494,-0.0008558965751779253,0.0,0.0,"0.5403,0.4206"
1780133080.6657999,0.0031472735468862645,-0.000877696163698351,0.0,0.0,"0.6795,0.7846"
1780133080.6851046,-0.018051783828965537,-0.0008675568331083085,0.0,0.0,"0.3002,0.9680"
1780133080.7046206,-0.004318715264966645,-0.0008751613270862927,0.0,0.0,"0.6955,0.8143"
1780133080.7235603,-0.012721964301371238,-0.0008645150260022006,0.0,0.0,"0.6955,0.8143"
1780133080.743001,0.01734177535160068,-0.0008340969549411196,0.0,0.0,"0.5458,0.4380"
1780133080.76255,0.01836019514857954,-0.0008477850472731292,0.0,0.0,"0.5884,0.5131"
1780133080.7818255,-0.0013480973337388624,-0.0008700916855785565,0.0,0.0,"0.6786,0.8083"
1780133080.8012607,0.010048571482237933,-0.0008797240773909315,0.0,0.0,"0.6893,0.8121"
1780133080.8202574,-0.018467599069056904,-0.0004244676502232012,0.0,0.0,"0.6955,0.8143"
1780133080.839475,-0.010739890027986213,-0.0004335930398251444,0.0,0.0,"0.6955,0.8143"
1780133080.8594747,-0.0016211474679679056,-0.0005268750239772525,0.0,0.0,"0.6955,0.8143"
1780133080.879249,-0.0528490889123813,-0.0008964539609708586,0.0,0.0,"0.6955,0.8143"
1780133080.8989358,-0.06753171965269945,-0.0009841592696884192,0.0,0.0,"0.5543,0.4645"
1780133080.919005,0.026366437381760005,-0.0015935335882309714,0.0,0.0,"0.6955,0.8143"
1780133080.9387186,0.015627666473182606,-0.0007327035856079301,0.0,0.0,"0.6955,0.8143"
1780133080.9588342,0.015054814182867346,-0.0005816274250216736,0.0,0.0,"0.6955,0.8143"
1780133080.9776878,0.052196995115681113,-0.0008269994711026609,0.0,0.0,"0.6955,0.8143"
1780133080.9965641,0.016528489273833553,-0.00080621381564124,0.0,0.0,"0.6955,0.8143"
1780133081.0177467,0.004789708374429907,-0.0008224367663903207,0.0,0.0,"0.9671,0.5283"
1780133081.0369954,-0.006706032688949589,-0.0008097625932413977,0.0,0.0,"0.8285,0.6773"
1780133081.0563853,-0.008560100376404131,-0.0008199019396896308,0.0,0.0,"0.3699,-0.1391"
1780133081.0756178,0.09696930495519263,-0.0009147047718911262,0.0,0.0,"0.2762,-0.3200"
1780133081.0953116,-0.08651927127802361,-0.0009167326221509442,0.0,0.0,"0.3144,-0.3015"
1780133081.114469,0.03922248880342588,-0.0007727539850486227,0.0,0.0,"0.1478,-0.2278"
1780133081.1332612,0.019983097122544206,-0.0010769342199137154,0.0,0.0,"0.3942,-0.0626"
1780133081.1517828,-0.012330015608705561,-0.0008057068610053811,0.0,0.0,"0.3794,-0.1094"
1780133081.1704986,0.00983382484874638,-0.0008376457781335751,0.0,0.0,"0.2686,-0.3161"
1780133081.1891143,0.003231562812355815,-0.0008888494456834306,0.0,0.0,"-0.0040,-0.1780"
1780133081.2074397,-0.0031660977766972964,-0.0009228162363631605,0.0,0.0,"0.2370,-0.2999"
1780133081.225851,0.00943982132404747,-0.0007864421408133951,0.0,0.0,"0.4298,0.0539"
1780133081.2443995,0.008416110523130346,-0.0007626147020331519,0.0,0.0,"0.9236,0.5970"
1780133081.2630954,-0.003436401778588647,-0.000960331830908176,0.0,0.0,"0.9672,0.5279"
1780133081.2821672,0.008444067677890372,-0.0009365043445533612,0.0,0.0,"0.7322,0.6850"
1780133081.3017075,0.0069919893000354935,-0.0008335900399507365,0.0,0.0,"0.4066,-0.0223"
1780133081.3208334,0.009251713524197486,-0.0007768097490010208,0.0,0.0,"0.3445,-0.2160"
1780133081.3399642,-0.034765041650681325,-0.0006019061179181402,0.0,0.0,"-0.1025,-0.2443"
1780133081.3586404,0.01581940016373455,-0.0008974678702425775,0.0,0.0,"0.5421,-0.6633"
1780133081.3771906,-0.03304844185419255,-0.0007392941544560054,0.0,0.0,"0.3055,-0.4075"
1780133081.3956625,-0.0004527026491452646,-0.00070380647360357,0.0,0.0,"0.5676,-0.6821"
1780133081.4144974,0.05319135270557585,-0.0007088761468276867,0.0,0.0,"-0.5811,0.1793"
1780133081.43261,-0.011038964545344268,-0.0007626147020331519,0.0,0.0,"0.9556,0.2547"
1780133081.4509714,-0.045257536177238725,-0.0008533618019986296,0.0,0.0,"0.6955,0.8143"
1780133081.4702687,0.032743719112703545,-0.0009471506932120254,0.0,0.0,"0.5849,0.5554"
1780133081.4898746,0.003030491288213172,-0.0008092556068891577,0.0,0.0,"0.9631,0.5478"
1780133081.5095263,-0.018242089110329335,-0.000897467886100768,0.0,0.0,"0.8258,0.3230"
1780133081.5296485,0.010225208607290604,-0.0009030445298189339,0.0,0.0,"0.1854,-0.3227"
1780133081.5495014,-0.01088980074643709,-0.00080773474298158,0.0,0.0,"0.1287,-0.2343"
1780133081.5685651,-0.00974587639962854,-0.0008467712014341732,0.0,0.0,"0.0093,-0.3184"
1780133081.5871568,0.0062077644149761,-0.0007894838686285503,0.0,0.0,"0.4408,-0.5441"
1780133081.6057062,0.008074506006585738,-0.0007894839102563004,0.0,0.0,"-0.0966,0.0243"
1780133081.624229,0.004314482825188513,-0.0008128043527729344,0.0,0.0,"0.6335,0.0124"
1780133081.6428363,-0.00987485270165369,-0.0008411945735741973,0.0,0.0,"0.3748,-0.1239"
1780133081.6613886,0.00028437184570323515,-0.0008619801893901418,0.0,0.0,"0.3468,-0.2090"
1780133081.6800828,-0.00048698744134065275,-0.0008178740735716227,0.0,0.0,"0.8901,0.4143"
1780133081.6987746,-0.005048966784756241,-0.0008376457642576584,0.0,0.0,"0.9357,0.1734"
1780133081.7176547,-0.0009323026065517978,-0.0008259855340791091,0.0,0.0,"0.2988,-0.3435"
1780133081.7364182,0.03391133522765989,-0.0008295342997856241,0.0,0.0,"0.3781,-0.1138"
1780133081.7550733,-0.07690214689696626,-0.0008386597131748532,0.0,0.0,"0.3312,-0.2545"
1780133081.7745514,0.0486617119407806,-0.0010328280882370056,0.0,0.0,"0.1179,-0.2901"
1780133081.7938235,-0.004481012546047561,-0.0008351109593619809,0.0,0.0,"-0.0515,-0.1536"
1780133081.812711,0.005897993487025702,-0.0008346039888679313,0.0,0.0,"0.2787,-0.2668"
1780133081.8314853,-0.006652060897190407,-0.0007889769457090721,0.0,0.0,"0.0640,-0.3518"
1780133081.8504486,-0.0013590018690347212,-0.0008675568331083085,0.0,0.0,"0.3265,-0.2679"
1780133081.8691332,-0.030519434322329217,-0.0008457572287296925,0.0,0.0,"0.3762,-0.1197"
1780133081.8875406,0.053156524273078196,-0.0009451227795194451,0.0,0.0,"0.3883,-0.0814"
1780133081.9061286,-0.002958293341334843,-0.0008264925085377066,0.0,0.0,"0.8023,0.2580"
1780133081.92477,0.0077487107290499105,-0.0008067208019934804,0.0,0.0,"0.5733,0.3589"
1780133081.943623,-0.003474801491212924,-0.0008051998895201944,0.0,0.0,"0.3591,-0.1723"
1780133081.9624467,0.001117543016232333,-0.0008214228353135898,0.0,0.0,"0.3374,-0.2367"
1780133081.9810958,-0.009599752431619459,-0.0008244646344906029,0.0,0.0,"0.3142,-0.3021"
1780133081.9998147,-0.012458344438552656,-0.000790497841333031,0.0,0.0,"0.2720,-0.3178"
1780133082.018417,0.011189080537438067,-0.0007874560441382922,0.0,0.0,"0.2667,-0.3151"
1780133082.036878,0.004008688706122612,-0.0008077347231588419,0.0,0.0,"0.3316,-0.2533"
1780133082.0556,0.0041891384689529045,-0.0007940466110040937,0.0,0.0,"0.3424,-0.2219"
1780133082.0746682,-0.0035402887770806073,-0.0007844142429790052,0.0,0.0,"0.3125,-0.3068"
1780133082.093597,0.008499762278929358,-0.0008487990834103723,0.0,0.0,"0.1710,-0.2665"
1780133082.1126146,-0.00625032099960119,-0.0008604592937661831,0.0,0.0,"-0.0680,-0.1451"
1780133082.131456,0.006847067203661045,-0.0007965814491028573,0.0,0.0,"0.1613,-0.2616"
1780133082.1503177,0.003169276540095505,-0.0007930326858741846,0.0,0.0,"0.3163,-0.2963"
1780133082.1691754,0.0017055373503356737,-0.0008776961795565416,0.0,0.0,"0.3461,-0.2112"
1780133082.1872292,0.0015143636495386324,-0.0008356179100332927,0.0,0.0,"0.3349,-0.2440"
1780133082.2056704,0.009125882923815547,-0.000857417490624623,0.0,0.0,"0.3468,-0.2091"
1780133082.2238507,0.0024874692014120875,-0.0008361248765627947,0.0,0.0,"0.3247,-0.2728"
1780133082.2424226,0.00929383316064249,-0.0008310552112677735,0.0,0.0,"0.3319,-0.2524"
1780133082.2605178,-0.015799882470941218,-0.000852347829294149,0.0,0.0,"0.3794,-0.1095"
1780133082.2789984,0.006281619290274914,-0.0008721195338561012,0.0,0.0,"0.3258,-0.2698"
1780133082.2976027,0.006058329569085186,-0.0008239576679611007,0.0,0.0,"0.3301,-0.2576"
1780133082.3160636,0.009646645645471207,-0.0008827658438604262,0.0,0.0,"0.3153,-0.2990"
1780133082.3344793,-0.020631624269551292,-0.000824971612913748,0.0,0.0,"0.2276,-0.2951"
1780133082.352788,0.014220492819445076,-0.0009005096932068757,0.0,0.0,"0.0726,-0.2169"
1780133082.3713934,0.00021026979879367608,-0.0008219298216658303,0.0,0.0,"0.2946,-0.3294"
1780133082.3905075,-0.010970685070934499,-0.0008477851107058917,0.0,0.0,"0.2025,-0.2824"
1780133082.4095078,-0.0006048281202219591,-0.0008391666915979982,0.0,0.0,"-0.0087,-0.2868"
1780133082.4285145,-0.007743076636871751,-0.0007874560500851133,0.0,0.0,"-0.2254,-0.0647"
1780133082.4472055,-0.009071552754845252,-0.0007859351386029644,0.0,0.0,"0.0932,-0.2273"
1780133082.4655507,0.017346842765551096,-0.0007818794063669469,0.0,0.0,"0.2948,-0.3540"
1780133082.4836526,-0.002953947370195102,-0.0008107765342294977,0.0,0.0,"0.3178,-0.2921"
1780133082.501767,0.006091143195138888,-0.0008285203746557152,0.0,0.0,"0.3475,-0.2069"
1780133082.5201344,0.012817625602983489,-0.0008427154374817749,0.0,0.0,"0.3786,-0.1121"
1780133082.538492,0.004005620178262076,-0.0008472781560700325,0.0,0.0,"0.3599,-0.1699"
1780133082.5568702,0.0024697033577064237,-0.000858938392195403,0.0,0.0,"0.3489,-0.2029"
1780133082.575951,-0.0014062491938058447,-0.0008356179139978404,0.0,0.0,"0.3117,-0.3090"
1780133082.5951314,-0.0007338259669512591,-0.0008280134041616656,0.0,0.0,"0.1317,-0.2467"
1780133082.6141632,-0.003220395266850286,-0.0008330830749079397,0.0,0.0,"0.2433,-0.3031"
1780133082.6332183,-2.6242607690941944e-05,-0.000832576106891732,0.0,0.0,"0.2808,-0.3223"
1780133082.6522388,0.0036552993236776687,-0.0008315621817618231,0.0,0.0,"0.3388,-0.2327"
1780133082.6711977,-0.0037599646761757553,-0.0008513338883060495,0.0,0.0,"0.3470,-0.2084"
1780133082.6898563,0.0006999978789468501,-0.0008411945418578162,0.0,0.0,"0.3507,-0.1974"
1780133082.7080991,0.0003148383364518486,-0.0008254785834077975,0.0,0.0,"0.3640,-0.1573"
1780133082.7265716,0.0009554449163977248,-0.0008305482407737238,0.0,0.0,"0.3441,-0.2171"
1780133082.7449393,0.0015634579918467088,-0.0008391666797043552,0.0,0.0,"0.3324,-0.2510"
1780133082.763436,-0.013733195408616637,-0.0008325761108562801,0.0,0.0,"0.3146,-0.3009"
1780133082.7818315,0.0053431157967058565,-0.0008401806167279073,0.0,0.0,"0.2627,-0.3130"
1780133082.8000994,-0.00045387595188929597,-0.0008417015163164135,0.0,0.0,"0.3066,-0.3227"
1780133082.818341,0.004230378522531164,-0.0008259855380436569,0.0,0.0,"0.3243,-0.2739"
1780133082.8366911,-0.00024139395197604954,-0.0008381527506098989,0.0,0.0,"0.3380,-0.2350"
1780133082.855021,-0.0001977981260200684,-0.0008361248686336996,0.0,0.0,"0.3659,-0.1516"
1780133082.8742409,0.0034440038189562303,-0.0008898633762645931,0.0,0.0,"0.3459,-0.2117"
1780133082.8933291,0.0031022290666434544,-0.0009187605031360066,0.0,0.0,"0.3363,-0.2397"
1780133082.912347,-0.008680875110858625,-0.0008873285555107253,0.0,0.0,"0.3225,-0.2792"
1780133082.9315178,-0.0013486262339141297,-0.0008665429079783992,0.0,0.0,"0.1900,-0.2761"
1780133082.950708,0.0005574446465576761,-0.0008295342997856241,0.0,0.0,"-0.0611,-0.1487"
1780133082.9693797,0.00566910487821079,-0.0008574174866600749,0.0,0.0,"-0.0326,-0.1634"
1780133082.9874015,0.0031406850095031386,-0.0008751613369976617,0.0,0.0,"0.1066,-0.2340"
1780133083.005521,0.0021886234838236034,-0.0007783306446249795,0.0,0.0,"0.3228,-0.2784"
1780133083.023859,-0.003247896014158036,-0.0008508269336701905,0.0,0.0,"0.3418,-0.2238"
1780133083.0422902,-0.005519611327604285,-0.000868570774096408,0.0,0.0,"0.3579,-0.1759"
1780133083.0608447,-0.002789278830307027,-0.0008178740656425273,0.0,0.0,"0.3631,-0.1600"
1780133083.080057,0.001644928513116685,-0.0008067207900998373,0.0,0.0,"0.3406,-0.2273"
1780133083.09912,0.003934796052873139,-0.0008178740656425276,0.0,0.0,"0.3186,-0.2901"
1780133083.1182332,-0.003769309237557663,-0.0008219297978785444,0.0,0.0,"0.3108,-0.3114"
1780133083.1372383,0.00043538390745394284,-0.0008193949691955816,0.0,0.0,"0.2986,-0.3315"
1780133083.1562543,-0.0008427212110284146,-0.0008163531620894733,0.0,0.0,"0.2710,-0.3173"
1780133083.1752727,-0.0030116563152553927,-0.0008305482407737236,0.0,0.0,"0.3075,-0.3204"
1780133083.1943405,0.0009860932117083665,-0.0008264925035820221,0.0,0.0,"0.3119,-0.3083"
1780133083.2131155,-0.0011833056800737256,-0.000835617908051019,0.0,0.0,"0.3207,-0.2841"
1780133083.2321255,-0.000743339564932461,-0.000839166679704355,0.0,0.0,"0.3271,-0.2661"
1780133083.2512422,0.005592033614532966,-0.0008204089022545856,0.0,0.0,"0.3330,-0.2494"
1780133083.2701025,0.0009231392533656478,-0.0008122974219243611,0.0,0.0,"0.3379,-0.2352"
1780133083.2883217,0.006710520206604186,-0.0008498129926820907,0.0,0.0,"0.3386,-0.2331"
1780133083.306576,0.0005234497933904216,-0.0008381527426808034,0.0,0.0,"0.3424,-0.2219"
1780133083.325053,-0.003686266869147574,-0.000858431425665901,0.0,0.0,"0.3340,-0.2464"
1780133083.3434284,-0.001698710700222511,-0.0008036789889405509,0.0,0.0,"0.3149,-0.3002"
1780133083.362044,0.0008133781425539582,-0.0008280134041616653,0.0,0.0,"0.3183,-0.2908"
1780133083.3808558,-0.0032396109758826078,-0.0008082416896883437,0.0,0.0,"0.3159,-0.2975"
1780133083.3998392,0.003812852991449109,-0.0008173670976263201,0.0,0.0,"0.3124,-0.3069"
1780133083.419068,-0.0018371209797803587,-0.0008193949691955812,0.0,0.0,"0.3301,-0.2576"
1780133083.4380298,-0.0003563252485035799,-0.0008422084669877251,0.0,0.0,"0.3327,-0.2502"
1780133083.4571946,0.0018797931317324802,-0.0008447433194579742,0.0,0.0,"0.3385,-0.2336"
1780133083.47632,-0.007614830926055662,-0.000839166679208787,0.0,0.0,"0.3420,-0.2232"
1780133083.4955778,0.003814785903089873,-0.0008406875713637663,0.0,0.0,"0.3142,-0.3021"
1780133083.514506,0.0001043246022983009,-0.000832069152255873,0.0,0.0,"0.2812,-0.3225"
1780133083.533547,-0.00286808075464607,-0.0008315621659036329,0.0,0.0,"0.2159,-0.2892"
1780133083.5523596,-0.002936169796747337,-0.0008219297899494493,0.0,0.0,"0.0892,-0.2253"
1780133083.5710835,-0.00171242833295418,-0.0008290273372206695,0.0,0.0,"0.1177,-0.2396"
1780133083.589467,-0.0024235431935063015,-0.0008335900399507367,0.0,0.0,"0.3079,-0.3193"
1780133083.6077585,-0.004481268743788035,-0.0008275064336676157,0.0,0.0,"0.3224,-0.2794"
1780133083.62587,-0.0004710535999776222,-0.0008325761068917322,0.0,0.0,"0.3370,-0.2378"
1780133083.6442156,0.00022158117928421962,-0.0008310552112677735,0.0,0.0,"0.3518,-0.1941"
1780133083.662953,-0.0011469846969795819,-0.000834097002515691,0.0,0.0,"0.3583,-0.1747"
1780133083.6821642,-0.00023513417603958017,-0.0008346039769742885,0.0,0.0,"0.3362,-0.2402"
1780133083.701515,-0.0005252545086160089,-0.000831562173832728,0.0,0.0,"0.3316,-0.2534"
1780133083.7205136,-0.011043069740821525,-0.0008224367683725942,0.0,0.0,"0.3115,-0.3094"
1780133083.7395434,0.0038655086280907427,-0.000826492492679516,0.0,0.0,"0.2162,-0.2894"
1780133083.7585742,-0.004988035534784507,-0.0008046929200172812,0.0,0.0,"0.2884,-0.3262"
1780133083.7775826,-0.005173035587467831,-0.0007813724393418763,0.0,0.0,"0.2687,-0.3161"
1780133083.796708,-0.0012930788529685946,-0.0008300412742442214,0.0,0.0,"0.3044,-0.3286"
1780133083.815745,-0.00058412101039464,-0.0008422084828459157,0.0,0.0,"0.3284,-0.2623"
1780133083.8347602,-0.0021490134981769007,-0.0008346039730097407,0.0,0.0,"0.3437,-0.2182"
1780133083.8538008,-0.0014099654262879346,-0.000828520374655715,0.0,0.0,"0.3506,-0.1978"
1780133083.8724105,0.00517911723262594,-0.000826999463173566,0.0,0.0,"0.3643,-0.1564"
1780133083.891142,-0.0017526091310037777,-0.0008533617623531532,0.0,0.0,"0.3508,-0.1973"
1780133083.9096315,0.0012763137060289344,-0.0008665429000493038,0.0,0.0,"0.3394,-0.2307"
1780133083.9281201,-0.0005916731070435056,-0.0008513338883060495,0.0,0.0,"0.3328,-0.2500"
1780133083.946531,0.003127248759866752,-0.0008234507014315982,0.0,0.0,"0.3158,-0.2978"
1780133083.9652438,-0.0017563221087790008,-0.0008168601325835231,0.0,0.0,"0.2084,-0.2854"
1780133083.9843004,0.0009473829290912589,-0.0008366318549859397,0.0,0.0,"0.2275,-0.2951"
1780133084.0033095,-0.008414067479789226,-0.0008082416817592488,0.0,0.0,"0.1581,-0.2600"
1780133084.0224233,0.006276977356285962,-0.0008082416896883439,0.0,0.0,"0.0852,-0.2232"
1780133084.04149,0.0002264312581454972,-0.0007839072744672292,0.0,0.0,"0.3009,-0.3326"
1780133084.0602896,-0.0077173612359854316,-0.0008188879987015315,0.0,0.0,"0.3223,-0.2797"
1780133084.0793529,0.008316842386519713,-0.0008442363648221147,0.0,0.0,"0.3255,-0.2707"
1780133084.0988634,-0.0007317966099637746,-0.0008442363489639241,0.0,0.0,"0.3535,-0.1891"
1780133084.1179833,0.0049946842518299,-0.0008057068610053809,0.0,0.0,"0.3456,-0.2127"
1780133084.1372375,0.008101893262426222,-0.0008128043939051161,0.0,0.0,"0.3286,-0.2620"
1780133084.1565359,-0.0020198715274107274,-0.0008351109415215166,0.0,0.0,"0.3303,-0.2571"
1780133084.1751187,-0.004371654608922158,-0.0008457572485524307,0.0,0.0,"0.3028,-0.3328"
1780133084.1933455,0.0022398654423205697,-0.0008264925085377066,0.0,0.0,"0.2759,-0.3198"
1780133084.2118855,-0.004936794434448995,-0.0008229437339109596,0.0,0.0,"0.3116,-0.3092"
1780133084.2305458,0.0022437729707367807,-0.0008300412732530848,0.0,0.0,"0.3064,-0.3233"
1780133084.2486672,0.002622058294823676,-0.0008533617544240581,0.0,0.0,"0.3162,-0.2965"
1780133084.2668214,0.00102640389122384,-0.0008199019396896311,0.0,0.0,"0.3364,-0.2396"
1780133084.2852488,0.001986811610004545,-0.000824971612913748,0.0,0.0,"0.3424,-0.2220"
1780133084.3034966,0.002565233351095736,-0.0008330830773857819,0.0,0.0,"0.3464,-0.2102"
1780133084.3218539,-0.003160866833887572,-0.000856403553601071,0.0,0.0,"0.3529,-0.1910"
1780133084.3402522,-0.0010019566199662988,-0.000794046614968641,0.0,0.0,"0.3355,-0.2420"
1780133084.3586156,0.0007554469387672583,-0.0008528547878945561,0.0,0.0,"0.3184,-0.2904"
1780133084.3836968,-0.002184236435453322,-0.0008310551954095829,0.0,0.0,"0.3147,-0.3007"
1780133084.4074886,0.0023574714956136195,-0.0008386597052457579,0.0,0.0,"0.1396,-0.2507"
1780133084.4319596,-0.0026984743391537426,-0.0008057068610053807,0.0,0.0,"0.1335,-0.2476"
1780133084.4567175,-0.00087714628382949,-0.0008138183254774152,0.0,0.0,"0.2735,-0.3186"
1780133084.479833,0.0007033046129917911,-0.0008300412702796738,0.0,0.0,"0.3154,-0.2987"
1780133084.4975245,-0.00313081293751866,-0.0008335900320216411,0.0,0.0,"0.3452,-0.2139"
1780133084.5153127,-0.0002719269594077603,-0.000837645780115849,0.0,0.0,"0.3479,-0.2059"
1780133084.5332632,0.007308194894365442,-0.0008386597052457579,0.0,0.0,"0.3490,-0.2024"
1780133084.5511699,0.0010562054640351932,-0.0008386597131748532,0.0,0.0,"0.3420,-0.2232"
1780133084.5692537,-0.0014787194828324648,-0.0008386597121837164,0.0,0.0,"0.3309,-0.2554"
1780133084.5878577,-0.0008028821941009501,-0.0008325761068917322,0.0,0.0,"0.3149,-0.3002"
1780133084.606552,-0.004590426284754336,-0.0008330830773857819,0.0,0.0,"0.3127,-0.3063"
1780133084.6248436,0.0033864458743705084,-0.00083206914036223,0.0,0.0,"0.2961,-0.3302"
1780133084.6431124,0.007608939614483751,-0.0007879630086855202,0.0,0.0,"0.3153,-0.2990"
1780133084.6614192,0.001612619245156089,-0.0008401806167279073,0.0,0.0,"0.3244,-0.2737"
1780133084.6805418,2.37955057140124e-05,-0.0008300412702796738,0.0,0.0,"0.3178,-0.2922"
1780133084.6995876,-0.0011256994375047,-0.0008300412742442214,0.0,0.0,"0.3290,-0.2608"
1780133084.7186227,-0.003416895041924866,-0.0008320691443267779,0.0,0.0,"0.3297,-0.2586"
1780133084.737813,-0.002111047292841544,-0.0008310552073032256,0.0,0.0,"0.3189,-0.2891"
1780133084.7568555,-0.004068044387307847,-0.0008219298018430918,0.0,0.0,"0.3181,-0.2913"
1780133084.775745,-0.003064855232110718,-0.0008498129887175431,0.0,0.0,"0.3074,-0.3205"
1780133084.7940643,0.0046157536517877525,-0.0008046929239818288,0.0,0.0,"0.3042,-0.3291"
1780133084.8126502,-0.0008189048078831203,-0.0008371388111085042,0.0,0.0,"0.3158,-0.2978"
1780133084.8309312,0.0011593106517677962,-0.0008275064376321634,0.0,0.0,"0.3133,-0.3046"
1780133084.849166,0.006920394700597261,-0.0008371388096217991,0.0,0.0,"0.3245,-0.2733"
1780133084.8672862,0.00030922501944606953,-0.0008163531620894735,0.0,0.0,"0.3367,-0.2386"
1780133084.8855925,0.004361946114023088,-0.0008447433194579742,0.0,0.0,"0.3361,-0.2404"
1780133084.9039342,0.0017045619858338627,-0.0008259855380436567,0.0,0.0,"0.3380,-0.2349"
1780133084.9222791,0.002375530282266969,-0.0008356179060687451,0.0,0.0,"0.3389,-0.2324"
1780133084.940786,0.00847331699872143,-0.000817367098121888,0.0,0.0,"0.3271,-0.2662"
1780133084.959372,-0.0017370639003148197,-0.0008462642170642067,0.0,0.0,"0.3216,-0.2816"
1780133084.9786603,0.0012226827839162333,-0.0008472781481409369,0.0,0.0,"0.3150,-0.2998"
1780133084.997778,-0.001805325574378066,-0.0008330830773857821,0.0,0.0,"0.3053,-0.3263"
1780133085.0174813,-0.00020218606643501724,-0.0008188879987015315,0.0,0.0,"0.2778,-0.3207"
1780133085.0365324,8.712950589886276e-05,-0.0008204089002723119,0.0,0.0,"0.3030,-0.3324"
1780133085.0557525,-0.000897169068597381,-0.0008168601306012492,0.0,0.0,"0.3073,-0.3208"
1780133085.0746286,-0.0027368457554443927,-0.000848292085164489,0.0,0.0,"0.3200,-0.2862"
1780133085.0931342,-0.0006543967129944497,-0.0008320691363976826,0.0,0.0,"0.3303,-0.2571"
1780133085.111268,0.0004412916056059542,-0.0008391666836689029,0.0,0.0,"0.3346,-0.2447"
1780133085.129705,-0.00037993945872550824,-0.0008452502820229283,0.0,0.0,"0.3375,-0.2364"
1780133085.1482408,0.0008999278417088155,-0.0008371388135863466,0.0,0.0,"0.3367,-0.2387"
1780133085.1669347,-0.002271533706604399,-0.0008391666777220813,0.0,0.0,"0.3305,-0.2566"
1780133085.1859763,-0.0019448062695155179,-0.0008411945478046378,0.0,0.0,"0.3233,-0.2770"
1780133085.205235,0.0004971635989332,-0.0008219298018430922,0.0,0.0,"0.3183,-0.2907"
1780133085.2243965,-0.00045159498696381237,-0.0008340970104447865,0.0,0.0,"0.3108,-0.3113"
1780133085.2435274,-0.001703749541184841,-0.0008310552053209521,0.0,0.0,"0.3114,-0.3097"
1780133085.2626498,0.0003120914276359722,-0.0008249716020112419,0.0,0.0,"0.3126,-0.3064"
1780133085.281876,-0.00035642945996707323,-0.0008305482397825868,0.0,0.0,"0.3152,-0.2994"
1780133085.3008807,-0.000510969736559657,-0.0008275064376321631,0.0,0.0,"0.3187,-0.2898"
1780133085.3198366,0.0002567754827165446,-0.0008315621738327278,0.0,0.0,"0.3227,-0.2785"
1780133085.3389976,-0.0009040923382927467,-0.0008310552073032256,0.0,0.0,"0.3212,-0.2828"
1780133085.3578758,-0.0004365607680300067,-0.0008280134051528022,0.0,0.0,"0.3230,-0.2778"
1780133085.3765244,-0.0007765636693068539,-0.0008295343057324455,0.0,0.0,"0.3221,-0.2803"
1780133085.3949714,0.0005371348591546934,-0.0008356179090421559,0.0,0.0,"0.3213,-0.2824"
1780133085.4134233,-0.001531691746455635,-0.0008340970084625126,0.0,0.0,"0.3218,-0.2811"
1780133085.4317365,-0.0004892605521182002,-0.0008244646364728764,0.0,0.0,"0.3223,-0.2796"
1780133085.4502513,-0.00017962757516570838,-0.0008280134041616651,0.0,0.0,"0.3251,-0.2718"
1780133085.4689667,-0.0017767408501840262,-0.0008406875832574095,0.0,0.0,"0.3267,-0.2673"
1780133085.488098,0.0019139688726257965,-0.0008406875792928614,0.0,0.0,"0.3259,-0.2695"
1780133085.5072038,0.0011051643241767918,-0.0008264925045731589,0.0,0.0,"0.3281,-0.2633"
1780133085.5266166,0.00044989517404678617,-0.0008325761078828691,0.0,0.0,"0.3256,-0.2704"
1780133085.5458255,0.0014355660621058822,-0.0008330830754035082,0.0,0.0,"0.3206,-0.2845"
1780133085.5647666,0.0010001722783278127,-0.0008330830734212342,0.0,0.0,"0.3152,-0.2993"
1780133085.5839388,0.0005405818248497944,-0.0008168601286189755,0.0,0.0,"0.3119,-0.3084"
1780133085.6031644,-0.0014654371904464017,-0.0008275064396144371,0.0,0.0,"0.3107,-0.3116"
1780133085.6222167,-0.0018264918199724159,-0.0008325761078828693,0.0,0.0,"0.3135,-0.3039"
1780133085.6412766,0.0036401519425865447,-0.0008432224159049199,0.0,0.0,"0.3177,-0.2925"
1780133085.6604192,0.002536896978640065,-0.0008229437349020965,0.0,0.0,"0.3244,-0.2736"
1780133085.6791115,-0.0023794394665706854,-0.0008163531620894733,0.0,0.0,"0.3270,-0.2665"
1780133085.697612,-0.0015169022925055273,-0.0008280134041616653,0.0,0.0,"0.3313,-0.2542"
1780133085.716105,-0.001001258690674859,-0.0008280134041616651,0.0,0.0,"0.3319,-0.2525"
1780133085.7345781,-0.0002407753094539021,-0.0008366318430922969,0.0,0.0,"0.3310,-0.2549"
1780133085.7530463,0.0023260013388513093,-0.0008239576684566689,0.0,0.0,"0.3237,-0.2756"
1780133085.7716541,-8.91678040952637e-06,-0.0008340970094536497,0.0,0.0,"0.3193,-0.2880"
1780133085.7907188,-0.0031386790259931643,-0.0008330830754035082,0.0,0.0,"0.3184,-0.2904"
1780133085.809579,-0.001998566643502439,-0.0008386597131748532,0.0,0.0,"0.3140,-0.3025"
1780133085.8283277,-0.0007014323264072295,-0.0008295343047413088,0.0,0.0,"0.3137,-0.3034"
1780133085.8473961,-0.00034361637456913063,-0.0008335900419330104,0.0,0.0,"0.3140,-0.3026"
1780133085.8663511,0.002483329173022665,-0.0008376457781335751,0.0,0.0,"0.3176,-0.2928"
1780133085.8853993,-0.0011684729119316034,-0.0008290273392029435,0.0,0.0,"0.3198,-0.2866"
1780133085.9044466,0.0013320374023732227,-0.0008351109435037907,0.0,0.0,"0.3211,-0.2829"
1780133085.9234505,-0.00042605146976407854,-0.0008229437368843702,0.0,0.0,"0.3241,-0.2746"
1780133085.942511,-0.002149327353273889,-0.0008351109435037905,0.0,0.0,"0.3267,-0.2672"
1780133085.9616349,0.00031705278554878397,-0.0008361248765627949,0.0,0.0,"0.3233,-0.2769"
1780133085.9806542,0.0014695856061331149,-0.0008335900419330104,0.0,0.0,"0.3255,-0.2706"
1780133085.998997,-0.0009699162867834905,-0.0008376457781335753,0.0,0.0,"0.3218,-0.2810"
1780133086.017642,-0.0024371836010027535,-0.0008229437339109596,0.0,0.0,"0.3220,-0.2804"
1780133086.0358534,-2.7064799260911182e-05,-0.0008325761078828691,0.0,0.0,"0.3215,-0.2818"
1780133086.0543177,-0.0009123886247279882,-0.000842715447393144,0.0,0.0,"0.3213,-0.2826"
1780133086.072572,-0.0030848909357753633,-0.0008209158672973823,0.0,0.0,"0.3201,-0.2859"
1780133086.0911593,-0.003836009310754524,-0.0008320691408577987,0.0,0.0,"0.3177,-0.2924"
1780133086.1099017,0.0020450752795805154,-0.0008406875802839987,0.0,0.0,"0.3205,-0.2846"
1780133086.1281314,-0.0009030959376834687,-0.0008325761083784373,0.0,0.0,"0.3181,-0.2913"
1780133086.1468654,-0.0005383975864313578,-0.0008330830749079397,0.0,0.0,"0.3175,-0.2931"
1780133086.1652522,0.0004213726936071714,-0.0008290273387073751,0.0,0.0,"0.3182,-0.2910"
1780133086.1844118,-0.0017208281721437443,-0.0008239576694478059,0.0,0.0,"0.3181,-0.2913"
1780133086.203699,-0.001721062824307968,-0.0008356179110244294,0.0,0.0,"0.3190,-0.2888"
1780133086.2228298,8.033487777768522e-05,-0.0008340970104447865,0.0,0.0,"0.3220,-0.2805"
1780133086.2417762,0.0001910279088542452,-0.0008183810321720295,0.0,0.0,"0.3227,-0.2786"
1780133086.2610302,0.000469746513109999,-0.0008351109435037907,0.0,0.0,"0.3267,-0.2672"
1780133086.2796426,-0.000980204511934809,-0.0008325761108562799,0.0,0.0,"0.3251,-0.2717"
1780133086.2978811,-0.0017829927819874754,-0.0008356179100332927,0.0,0.0,"0.3245,-0.2735"
1780133086.316332,-0.0018065502215501884,-0.0008376457761513014,0.0,0.0,"0.3255,-0.2706"
1780133086.334858,-3.429247810368685e-05,-0.000839166679208787,0.0,0.0,"0.3209,-0.2837"
1780133086.353018,-0.00046772608435179455,-0.000836631844083434,0.0,0.0,"0.3213,-0.2823"
1780133086.3715007,-0.0020236609501212074,-0.0008437293819388539,0.0,0.0,"0.3151,-0.2996"
1780133086.3905206,-0.0004805390398810762,-0.0008391666797043552,0.0,0.0,"0.3136,-0.3036"
1780133086.409886,-0.0005395184271976654,-0.0008295343062280139,0.0,0.0,"0.3156,-0.2982"
1780133086.4289045,-0.0026653826590287213,-0.000830548239782587,0.0,0.0,"0.3148,-0.3006"
1780133086.4479637,-0.0004848950482931741,-0.0008259855370525199,0.0,0.0,"0.3174,-0.2931"
1780133086.4669328,3.589663011945021e-05,-0.0008310552073032258,0.0,0.0,"0.3212,-0.2829"
1780133086.4862359,0.002678536494565422,-0.000837645780115849,0.0,0.0,"0.3225,-0.2790"
1780133086.505327,-0.0007003890426718652,-0.0008259855380436567,0.0,0.0,"0.3262,-0.2686"
1780133086.5240793,-0.0004155758640504506,-0.0008366318430922972,0.0,0.0,"0.3275,-0.2651"
1780133086.5431516,-0.0001268041414255565,-0.000825985536061383,0.0,0.0,"0.3254,-0.2711"
1780133086.5620718,-0.0003557429824819179,-0.0008330830754035082,0.0,0.0,"0.3243,-0.2741"
1780133086.5808363,-0.0005337566764706606,-0.0008264925040775905,0.0,0.0,"0.3203,-0.2852"
1780133086.5991788,-0.00020378864760069865,-0.0008325761078828691,0.0,0.0,"0.3181,-0.2913"
1780133086.617606,0.0013516993990159328,-0.000842715448384281,0.0,0.0,"0.3172,-0.2940"
1780133086.6360781,-0.0012836512950001773,-0.0008254785700274494,0.0,0.0,"0.3171,-0.2941"
1780133086.654541,0.0006454065515164864,-0.0008386597121837161,0.0,0.0,"0.3174,-0.2933"
1780133086.6732466,0.0011535594564405505,-0.0008411945478046378,0.0,0.0,"0.3193,-0.2881"
1780133086.692257,0.0009325193287024434,-0.000832576106891732,0.0,0.0,"0.3201,-0.2858"
1780133086.7111726,-0.00046263412257271583,-0.0008325761068917322,0.0,0.0,"0.3233,-0.2768"
1780133086.7305303,0.0022701055333855143,-0.000820915867792951,0.0,0.0,"0.3220,-0.2806"
1780133086.7494886,0.0003004206642947052,-0.0008335900409418735,0.0,0.0,"0.3217,-0.2814"
1780133086.768422,-0.00034361481260693563,-0.0008356179100332925,0.0,0.0,"0.3213,-0.2824"
1780133086.7875428,-0.000410123890653865,-0.0008346039759831512,0.0,0.0,"0.3211,-0.2830"
1780133086.806793,-3.0126182929114675e-05,-0.000832576106891732,0.0,0.0,"0.3212,-0.2828"
1780133086.8259041,0.00024734683851502723,-0.0008447433174757,0.0,0.0,"0.3218,-0.2812"
1780133086.8449953,-0.0008287711097160269,-0.0008340970084625126,0.0,0.0,"0.3209,-0.2835"
1780133086.86386,-0.0023768630012755802,-0.0008335900419330104,0.0,0.0,"0.3227,-0.2785"
1780133086.8829067,-0.0003158065356238214,-0.0008285203726734411,0.0,0.0,"0.3232,-0.2772"
1780133086.9012177,-0.0016295833184545444,-0.0008391666797043554,0.0,0.0,"0.3221,-0.2803"
1780133086.919341,-0.002751571322324297,-0.0008335900419330106,0.0,0.0,"0.3211,-0.2830"
1780133086.9375706,-0.0006683054505265025,-0.0008325761083784378,0.0,0.0,"0.3202,-0.2855"
1780133086.955995,-0.00043375360548605565,-0.0008325761078828691,0.0,0.0,"0.3193,-0.2881"
